,Unnamed: 0,GeoUID,Type,Region Name,Area (sq km),Population ,Dwellings ,Households ,"v_CA21_1: Population, 2021",X,Y,Transit Time,Car Time,Car Time Adjusted,Bike Time,Car/Bike Delta,Car/Bus Delta,Bike/Bus Delta
0,0,59170033,DA,59170033,2.1547,992,477,446,992,-123.412013,48.680406,1655820422,1655823322,1655823074,1655819308,62.76666667,44.2,18.56666667
1,1,59170034,DA,59170034,1.8813,565,229,225,565,-123.427237,48.683293,1655820435,1655823260,1655823000,1655819265,62.25,42.75,19.5
2,2,59170035,DA,59170035,0.1521,526,319,300,526,-123.414981,48.667547,1655821071,1655823288,1655823087,1655819739,55.8,33.6,22.2
3,3,59170036,DA,59170036,0.1837,633,264,255,633,-123.414153,48.665496,1655821235,1655823339,1655823147,1655819827,55.33333333,31.86666667,23.46666667
4,4,59170037,DA,59170037,0.1411,477,195,187,477,-123.413278,48.662898,1655821209,1655823339,1655823150,1655819895,54.25,32.35,21.9
5,5,59170038,DA,59170038,0.2167,579,247,239,579,-123.406667,48.660555,1655821219,1655823373,1655823218,1655820136,51.36666667,33.31666667,18.05
6,6,59170039,DA,59170039,0.1602,555,242,231,555,-123.407243,48.6572,1655821314,1655823426,1655823244,1655820194,50.83333333,32.16666667,18.66666667
7,7,59170040,DA,59170040,0.1458,612,331,311,612,-123.402171,48.655812,1655821466,1655823437,1655823261,1655820204,50.95,29.91666667,21.03333333
8,8,59170041,DA,59170041,0.1044,672,140,136,672,-123.405629,48.654254,1655821265,1655823420,1655823258,1655820213,50.75,33.21666667,17.53333333
9,9,59170042,DA,59170042,0.2204,604,346,331,604,-123.405329,48.651411,1655821402,1655823542,1655823365,1655820332,50.55,32.71666667,17.83333333
10,10,59170043,DA,59170043,0.1154,657,419,397,657,-123.400585,48.651115,1655821465,1655823510,1655823337,1655820411,48.76666667,31.2,17.56666667
11,11,59170044,DA,59170044,0.1308,688,510,445,688,-123.396865,48.650501,1655821311,1655823445,1655823274,1655820379,48.25,32.71666667,15.53333333
12,12,59170045,DA,59170045,0.137,471,311,289,471,-123.398351,48.646705,1655821522,1655823497,1655823317,1655820492,47.08333333,29.91666667,17.16666667
13,13,59170046,DA,59170046,0.2884,534,313,285,534,-123.400177,48.642763,1655821685,1655823604,1655823421,1655820625,46.6,28.93333333,17.66666667
14,14,59170047,DA,59170047,0.4733,821,401,382,821,-123.40368,48.642133,1655821573,1655823562,1655823376,1655820585,46.51666667,30.05,16.46666667
15,15,59170048,DA,59170048,0.6408,298,123,123,298,-123.41053,48.650772,1655820975,1655823562,1655823377,1655820212,52.75,40.03333333,12.71666667
16,16,59170049,DA,59170049,0.2074,620,262,253,620,-123.413964,48.642195,1655821416,1655823587,1655823396,1655820591,46.75,33,13.75
17,17,59170051,DA,59170051,0.7642,847,349,327,847,-123.415251,48.632946,1655821712,1655823726,1655823552,1655820847,45.08333333,30.66666667,14.41666667
18,18,59170052,DA,59170052,1.6252,780,340,322,780,-123.414571,48.623898,1655821853,1655823631,1655823398,1655820737,44.35,25.75,18.6
19,19,59170053,DA,59170053,0.5586,576,208,204,576,-123.409379,48.614298,1655821495,1655823778,1655823600,1655821165,40.58333333,35.08333333,5.5
20,20,59170054,DA,59170054,0.4792,627,225,222,627,-123.423579,48.614778,1655821776,1655823613,1655823453,1655820900,42.55,27.95,14.6
21,21,59170055,DA,59170055,0.3249,419,183,179,419,-123.429961,48.614944,1655821092,1655823528,1655823342,1655820673,44.48333333,37.5,6.983333333
22,22,59170056,DA,59170056,2.0028,791,314,310,791,-123.43211,48.62356,1655821097,1655823527,1655823365,1655820699,44.43333333,37.8,6.633333333
23,23,59170063,DA,59170063,0.2873,499,297,287,499,-123.401797,48.589668,1655821310,1655823807,1655823679,1655821619,34.33333333,39.48333333,-5.15
24,24,59170066,DA,59170066,2.3166,1291,711,656,1291,-123.388335,48.588432,1655820833,1655823737,1655823542,1655821567,32.91666667,45.15,-12.23333333
25,25,59170070,DA,59170070,0.2559,577,223,214,577,-123.399622,48.56266,1655821825,1655824031,1655823902,1655822096,30.1,34.61666667,-4.516666667
26,26,59170071,DA,59170071,0.3143,723,301,294,723,-123.397472,48.558075,1655822076,1655824076,1655823914,1655822287,27.11666667,30.63333333,-3.516666667
27,27,59170072,DA,59170072,0.4229,830,307,288,830,-123.397472,48.552529,1655822194,1655824083,1655823917,1655822342,26.25,28.71666667,-2.466666667
28,28,59170074,DA,59170074,1.4241,538,201,191,538,-123.385132,48.538821,1655822811,1655824176,1655824104,1655822865,20.65,21.55,-0.9
29,29,59170075,DA,59170075,3.0369,563,264,252,563,-123.371573,48.538912,1655821999,1655824151,1655824090,1655822781,21.81666667,34.85,-13.03333333
30,30,59170076,DA,59170076,0.9129,1483,650,624,1483,-123.377501,48.523664,1655822047,1655824174,1655824151,1655822996,19.25,35.06666667,-15.81666667
31,31,59170077,DA,59170077,0.6082,779,299,288,779,-123.381907,48.522919,1655822356,1655824193,1655824167,1655823099,17.8,30.18333333,-12.38333333
32,32,59170079,DA,59170079,0.4405,636,229,223,636,-123.377832,48.516475,1655822796,1655824269,1655824245,1655823270,16.25,24.15,-7.9
33,33,59170081,DA,59170081,0.2718,526,236,219,526,-123.366407,48.517787,1655822682,1655824420,1655824386,1655823310,17.93333333,28.4,-10.46666667
34,34,59170082,DA,59170082,0.3294,675,331,324,675,-123.369823,48.523219,1655822507,1655824308,1655824306,1655823138,19.46666667,29.98333333,-10.51666667
35,35,59170084,DA,59170084,0.5198,672,273,259,672,-123.353686,48.506333,1655823950,1655824502,1655824494,1655823743,12.51666667,9.066666667,3.45
36,36,59170085,DA,59170085,0.2832,688,260,257,688,-123.358613,48.505147,1655823935,1655824491,1655824446,1655823612,13.9,8.516666667,5.383333333
37,37,59170094,DA,59170094,0.9114,746,397,389,746,-123.379129,48.492219,1655823241,1655824424,1655824341,1655823351,16.5,18.33333333,-1.833333333
38,38,59170095,DA,59170095,0.3813,1312,709,679,1312,-123.390904,48.495617,1655823611,1655824318,1655824200,1655823103,18.28333333,9.816666667,8.466666667
39,39,59170096,DA,59170096,0.4549,968,434,423,968,-123.389859,48.489123,1655823014,1655824477,1655824364,1655823151,20.21666667,22.5,-2.283333333
40,40,59170097,DA,59170097,0.2218,624,228,221,624,-123.395557,48.492634,1655823221,1655824272,1655824177,1655823254,15.38333333,15.93333333,-0.55
41,41,59170098,DA,59170098,2.2321,459,170,166,459,-123.409709,48.502031,1655823271,1655824201,1655824089,1655822886,20.05,13.63333333,6.416666667
42,42,59170100,DA,59170100,0.2577,630,221,215,630,-123.399901,48.486001,1655821851,1655824378,1655824198,1655823363,13.91666667,39.11666667,-25.2
43,43,59170101,DA,59170101,0.3993,970,351,340,970,-123.40305,48.481535,1655822318,1655824324,1655824141,1655822901,20.66666667,30.38333333,-9.716666667
44,44,59170102,DA,59170102,0.3608,800,300,290,800,-123.395961,48.478797,1655822513,1655824388,1655824232,1655823439,13.21666667,28.65,-15.43333333
45,45,59170103,DA,59170103,0.3787,871,307,301,871,-123.395715,48.485992,1655822479,1655824410,1655824291,1655823381,15.16666667,30.2,-15.03333333
46,46,59170104,DA,59170104,0.2392,280,114,110,280,-123.389512,48.486164,1655822514,1655824415,1655824301,1655823354,15.78333333,29.78333333,-14
47,47,59170105,DA,59170105,0.2379,625,228,220,625,-123.383647,48.483816,1655823074,1655824509,1655824411,1655823640,12.85,22.28333333,-9.433333333
48,48,59170106,DA,59170106,0.2064,621,228,218,621,-123.381798,48.480204,1655823396,1655824534,1655824440,1655823763,11.28333333,17.4,-6.116666667
49,49,59170111,DA,59170111,0.2146,450,164,158,450,-123.370731,48.478207,1655823537,1655824560,1655824465,1655824082,6.383333333,15.46666667,-9.083333333
50,50,59170112,DA,59170112,0.151,445,178,166,445,-123.369493,48.475018,1655823791,1655824680,1655824593,1655824134,7.65,13.36666667,-5.716666667
51,51,59170113,DA,59170113,0.1851,476,218,210,476,-123.365089,48.472467,1655823922,1655824637,1655824550,1655824203,5.783333333,10.46666667,-4.683333333
52,52,59170114,DA,59170114,0.141,1163,675,646,1163,-123.368985,48.470746,1655823905,1655824651,1655824571,1655824168,6.716666667,11.1,-4.383333333
53,53,59170115,DA,59170115,0.1814,655,344,321,655,-123.365643,48.468319,1655823526,1655824608,1655824541,1655824089,7.533333333,16.91666667,-9.383333333
54,54,59170116,DA,59170116,0.2352,464,219,210,464,-123.36389,48.464715,1655823645,1655824742,1655824670,1655824116,9.233333333,17.08333333,-7.85
55,55,59170117,DA,59170117,0.1121,400,224,216,400,-123.363114,48.461964,1655823375,1655824715,1655824644,1655823961,11.38333333,21.15,-9.766666667
56,56,59170118,DA,59170118,0.1917,573,244,227,573,-123.360274,48.458944,1655823033,1655824773,1655824704,1655824147,9.283333333,27.85,-18.56666667
57,57,59170119,DA,59170119,0.1609,521,225,215,521,-123.36641,48.458455,1655823496,1655824640,1655824569,1655823929,10.66666667,17.88333333,-7.216666667
58,58,59170120,DA,59170120,0.1102,533,245,234,533,-123.367232,48.455277,1655823264,1655824611,1655824553,1655823833,12,21.48333333,-9.483333333
59,59,59170121,DA,59170121,0.1355,528,232,220,528,-123.362544,48.455639,1655823074,1655824681,1655824612,1655823997,10.25,25.63333333,-15.38333333
60,60,59170122,DA,59170122,0.0894,1091,655,633,1091,-123.362122,48.453407,1655822773,1655824560,1655824505,1655823982,8.716666667,28.86666667,-20.15
61,61,59170123,DA,59170123,0.1066,499,307,301,499,-123.360078,48.451262,1655822954,1655824647,1655824591,1655824043,9.133333333,27.28333333,-18.15
62,62,59170124,DA,59170124,0.0531,685,447,432,685,-123.362457,48.450407,1655822699,1655824607,1655824545,1655823849,11.6,30.76666667,-19.16666667
63,63,59170125,DA,59170125,0.115,820,454,440,820,-123.365692,48.450286,1655822638,1655824632,1655824563,1655823812,12.51666667,32.08333333,-19.56666667
64,64,59170126,DA,59170126,0.142,583,247,239,583,-123.361969,48.447695,1655822859,1655824724,1655824635,1655823977,10.96666667,29.6,-18.63333333
65,65,59170127,DA,59170127,0.5252,673,331,309,673,-123.362337,48.444912,1655823502,1655824674,1655824612,1655823929,11.38333333,18.5,-7.116666667
66,66,59170128,DA,59170128,0.2309,552,249,238,552,-123.354123,48.446155,1655823594,1655824773,1655824716,1655823956,12.66666667,18.7,-6.033333333
67,67,59170129,DA,59170129,0.1498,534,257,243,534,-123.353836,48.448468,1655823248,1655824778,1655824719,1655824072,10.78333333,24.51666667,-13.73333333
68,68,59170130,DA,59170130,0.1691,778,358,340,778,-123.34706,48.447154,1655823804,1655824818,1655824778,1655824238,9,16.23333333,-7.233333333
69,69,59170131,DA,59170131,0.1605,650,282,274,650,-123.343185,48.446459,1655823958,1655824823,1655824776,1655824336,7.333333333,13.63333333,-6.3
70,70,59170132,DA,59170132,0.1058,517,271,243,517,-123.347581,48.442504,1655824054,1655824784,1655824728,1655824307,7.016666667,11.23333333,-4.216666667
71,71,59170133,DA,59170133,0.087,703,295,278,703,-123.344368,48.442426,1655824102,1655824805,1655824754,1655824353,6.683333333,10.86666667,-4.183333333
72,72,59170134,DA,59170134,0.1186,662,284,271,662,-123.349596,48.43971,1655823770,1655824699,1655824643,1655824267,6.266666667,14.55,-8.283333333
73,73,59170135,DA,59170135,0.1473,500,215,209,500,-123.342272,48.439048,1655823950,1655824787,1655824727,1655824312,6.916666667,12.95,-6.033333333
74,74,59170136,DA,59170136,0.1132,517,239,229,517,-123.346767,48.43668,1655823830,1655824774,1655824705,1655824232,7.883333333,14.58333333,-6.7
75,75,59170137,DA,59170137,0.1183,493,217,202,493,-123.34292,48.436014,1655823692,1655824755,1655824698,1655824256,7.366666667,16.76666667,-9.4
76,76,59170138,DA,59170138,0.1188,476,200,181,476,-123.339382,48.436585,1655823761,1655824748,1655824686,1655824301,6.416666667,15.41666667,-9
77,77,59170139,DA,59170139,0.0989,553,233,228,553,-123.341048,48.432858,1655823646,1655824720,1655824650,1655824100,9.166666667,16.73333333,-7.566666667
78,78,59170140,DA,59170140,0.0964,541,248,233,541,-123.343846,48.431582,1655823344,1655824657,1655824584,1655824040,9.066666667,20.66666667,-11.6
79,79,59170141,DA,59170141,0.0757,615,332,317,615,-123.346778,48.433297,1655823507,1655824700,1655824618,1655824039,9.65,18.51666667,-8.866666667
80,80,59170142,DA,59170142,0.1145,583,322,305,583,-123.350238,48.433214,1655823461,1655824637,1655824568,1655823914,10.9,18.45,-7.55
81,81,59170143,DA,59170143,0.1778,463,234,209,463,-123.349891,48.430011,1655823408,1655824609,1655824532,1655823936,9.933333333,18.73333333,-8.8
82,82,59170144,DA,59170144,0.1527,670,387,368,670,-123.354748,48.4319,1655823458,1655824633,1655824520,1655823862,10.96666667,17.7,-6.733333333
83,83,59170145,DA,59170145,0.0657,417,236,214,417,-123.3553,48.434434,1655823611,1655824664,1655824582,1655823908,11.23333333,16.18333333,-4.95
84,84,59170146,DA,59170146,0.0977,652,358,340,652,-123.356286,48.43647,1655823811,1655824650,1655824578,1655824093,8.083333333,12.78333333,-4.7
85,85,59170147,DA,59170147,0.0421,447,303,287,447,-123.358965,48.435797,1655823688,1655824597,1655824521,1655824025,8.266666667,13.88333333,-5.616666667
86,86,59170148,DA,59170148,0.0567,401,242,231,401,-123.360437,48.435831,1655823599,1655824631,1655824544,1655823815,12.15,15.75,-3.6
87,87,59170149,DA,59170149,0.0841,671,225,218,671,-123.361729,48.437435,1655823805,1655824572,1655824505,1655824021,8.066666667,11.66666667,-3.6
88,88,59170150,DA,59170150,0.2251,753,309,245,753,-123.364617,48.438893,1655823827,1655824548,1655824477,1655823882,9.916666667,10.83333333,-0.916666667
89,89,59170151,DA,59170151,0.1057,585,331,314,585,-123.36155,48.440671,1655823573,1655824613,1655824558,1655823930,10.46666667,16.41666667,-5.95
90,90,59170152,DA,59170152,0.0527,534,250,231,534,-123.358689,48.440958,1655823944,1655824670,1655824596,1655824077,8.65,10.86666667,-2.216666667
91,91,59170153,DA,59170153,0.0657,740,436,424,740,-123.356403,48.438796,1655824028,1655824706,1655824632,1655824154,7.966666667,10.06666667,-2.1
92,92,59170154,DA,59170154,0.1353,560,262,247,560,-123.356338,48.442266,1655823872,1655824702,1655824629,1655824123,8.433333333,12.61666667,-4.183333333
93,93,59170155,DA,59170155,0.0974,649,359,341,649,-123.352915,48.438197,1655823921,1655824675,1655824612,1655824132,8,11.51666667,-3.516666667
94,94,59170156,DA,59170156,0.1436,609,314,300,609,-123.351449,48.442667,1655823965,1655824749,1655824712,1655824192,8.666666667,12.45,-3.783333333
95,95,59170157,DA,59170157,0.1059,480,217,209,480,-123.350538,48.436556,1655823684,1655824721,1655824650,1655824136,8.566666667,16.1,-7.533333333
96,96,59170161,DA,59170161,0.0401,631,437,419,631,-123.359216,48.429511,1655823342,1655824554,1655824479,1655823792,11.45,18.95,-7.5
97,97,59170162,DA,59170162,0.104,827,565,533,827,-123.355059,48.42841,1655823411,1655824513,1655824435,1655823799,10.6,17.06666667,-6.466666667
98,98,59170163,DA,59170163,0.0789,1071,877,678,1071,-123.357863,48.42571,1655823586,1655824454,1655824377,1655823644,12.21666667,13.18333333,-0.966666667
99,99,59170164,DA,59170164,0.0816,1404,1011,912,1404,-123.355074,48.425295,1655823695,1655824472,1655824389,1655823713,11.26666667,11.56666667,-0.3
100,100,59170165,DA,59170165,0.0594,527,347,336,527,-123.351726,48.424039,1655823849,1655824603,1655824540,1655823880,11,11.51666667,-0.516666667
101,101,59170166,DA,59170166,0.0766,593,461,355,593,-123.350966,48.425549,1655823569,1655824612,1655824535,1655823898,10.61666667,16.1,-5.483333333
102,102,59170167,DA,59170167,0.0458,493,280,273,493,-123.351701,48.428013,1655823447,1655824517,1655824442,1655823836,10.1,16.58333333,-6.483333333
103,103,59170168,DA,59170168,0.0446,479,293,286,479,-123.348698,48.427231,1655823560,1655824565,1655824490,1655823738,12.53333333,15.5,-2.966666667
104,104,59170169,DA,59170169,0.0606,508,262,246,508,-123.347638,48.427971,1655823536,1655824609,1655824535,1655823926,10.15,16.65,-6.5
105,105,59170170,DA,59170170,0.0969,523,324,311,523,-123.348965,48.425923,1655823666,1655824626,1655824550,1655823937,10.21666667,14.73333333,-4.516666667
106,106,59170171,DA,59170171,0.0562,760,505,481,760,-123.344016,48.425508,1655823853,1655824669,1655824595,1655824047,9.133333333,12.36666667,-3.233333333
107,107,59170172,DA,59170172,0.0489,589,379,363,589,-123.340699,48.425915,1655824056,1655824694,1655824619,1655824096,8.716666667,9.383333333,-0.666666667
108,108,59170174,DA,59170174,0.1129,520,264,246,520,-123.342582,48.428316,1655823709,1655824683,1655824608,1655823974,10.56666667,14.98333333,-4.416666667
109,109,59170175,DA,59170175,0.1413,530,266,251,530,-123.33886,48.430502,1655823846,1655824697,1655824616,1655824083,8.883333333,12.83333333,-3.95
110,110,59170177,DA,59170177,0.0396,539,381,365,539,-123.33277,48.427394,1655824208,1655824773,1655824717,1655824228,8.15,8.483333333,-0.333333333
111,111,59170178,DA,59170178,0.0429,590,392,378,590,-123.3304,48.42741,1655824089,1655824805,1655824742,1655824266,7.933333333,10.88333333,-2.95
112,112,59170179,DA,59170179,0.0904,624,391,364,624,-123.33222,48.429392,1655824236,1655824727,1655824660,1655824242,6.966666667,7.066666667,-0.1
113,113,59170180,DA,59170180,0.112,524,292,278,524,-123.327113,48.429195,1655823973,1655824829,1655824782,1655824311,7.85,13.48333333,-5.633333333
114,114,59170181,DA,59170181,0.1441,532,271,256,532,-123.324156,48.429062,1655824011,1655824833,1655824778,1655824326,7.533333333,12.78333333,-5.25
115,115,59170182,DA,59170182,0.0893,431,216,207,431,-123.320728,48.427609,1655823827,1655824830,1655824768,1655824291,7.95,15.68333333,-7.733333333
116,116,59170184,DA,59170184,0.123,606,320,305,606,-123.319136,48.433971,1655824051,1655824880,1655824846,1655824425,7.016666667,13.25,-6.233333333
117,117,59170185,DA,59170185,0.1544,659,305,296,659,-123.318353,48.436382,1655823994,1655824911,1655824869,1655824466,6.716666667,14.58333333,-7.866666667
118,118,59170186,DA,59170186,0.1209,416,176,171,416,-123.313332,48.437021,1655823812,1655824971,1655824949,1655824377,9.533333333,18.95,-9.416666667
119,119,59170187,DA,59170187,0.1243,507,257,241,507,-123.313938,48.434518,1655823776,1655824840,1655824818,1655824349,7.816666667,17.36666667,-9.55
120,120,59170189,DA,59170189,0.1306,350,139,131,350,-123.309758,48.433077,1655823568,1655824895,1655824854,1655824238,10.26666667,21.43333333,-11.16666667
121,121,59170190,DA,59170190,0.2498,614,266,254,614,-123.312065,48.428916,1655823497,1655824811,1655824781,1655824198,9.716666667,21.4,-11.68333333
122,122,59170191,DA,59170191,0.1955,345,156,153,345,-123.307305,48.430708,1655823390,1655824854,1655824819,1655824165,10.9,23.81666667,-12.91666667
123,123,59170192,DA,59170192,0.1199,615,402,378,615,-123.308689,48.424843,1655822889,1655824743,1655824701,1655824031,11.16666667,30.2,-19.03333333
124,124,59170193,DA,59170193,0.257,486,204,197,486,-123.309324,48.421883,1655822880,1655824711,1655824623,1655823977,10.76666667,29.05,-18.28333333
125,125,59170194,DA,59170194,0.1919,540,249,239,540,-123.315036,48.422789,1655823444,1655824709,1655824692,1655824058,10.56666667,20.8,-10.23333333
126,126,59170195,DA,59170195,0.139,543,337,320,543,-123.318267,48.424784,1655823828,1655824768,1655824703,1655824201,8.366666667,14.58333333,-6.216666667
127,127,59170196,DA,59170196,0.1806,528,290,281,528,-123.321121,48.42361,1655823929,1655824797,1655824732,1655824227,8.416666667,13.38333333,-4.966666667
128,128,59170197,DA,59170197,0.1737,581,251,238,581,-123.326337,48.422734,1655823569,1655824669,1655824603,1655824153,7.5,17.23333333,-9.733333333
129,129,59170198,DA,59170198,0.1367,698,373,360,698,-123.326615,48.425354,1655823725,1655824752,1655824696,1655824201,8.25,16.18333333,-7.933333333
130,130,59170199,DA,59170199,0.1592,567,324,307,567,-123.332498,48.424729,1655823968,1655824727,1655824665,1655824161,8.4,11.61666667,-3.216666667
131,131,59170200,DA,59170200,0.2779,638,266,255,638,-123.328202,48.41937,1655823641,1655824695,1655824613,1655824032,9.683333333,16.2,-6.516666667
132,132,59170201,DA,59170201,0.2416,510,241,232,510,-123.334627,48.419138,1655823351,1655824559,1655824502,1655824044,7.633333333,19.18333333,-11.55
133,133,59170202,DA,59170202,0.1214,469,139,134,469,-123.334144,48.415597,1655823513,1655824614,1655824542,1655823932,10.16666667,17.15,-6.983333333
134,134,59170203,DA,59170203,0.1879,672,301,291,672,-123.333091,48.412742,1655823654,1655824549,1655824475,1655823850,10.41666667,13.68333333,-3.266666667
135,135,59170204,DA,59170204,0.3272,768,337,324,768,-123.327255,48.414666,1655823717,1655824631,1655824555,1655823967,9.8,13.96666667,-4.166666667
136,136,59170205,DA,59170205,0.3014,518,212,209,518,-123.321253,48.412644,1655823299,1655824516,1655824449,1655823870,9.65,19.16666667,-9.516666667
137,137,59170206,DA,59170206,0.2145,441,178,173,441,-123.320297,48.417918,1655823545,1655824678,1655824591,1655824045,9.1,17.43333333,-8.333333333
138,138,59170207,DA,59170207,0.162,425,170,162,425,-123.315792,48.414654,1655823161,1655824585,1655824585,1655823956,10.48333333,23.73333333,-13.25
139,139,59170208,DA,59170208,0.1842,499,200,194,499,-123.315002,48.418651,1655823308,1655824663,1655824633,1655823975,10.96666667,22.08333333,-11.11666667
140,140,59170209,DA,59170209,0.184,485,198,195,485,-123.310998,48.416368,1655822548,1655824593,1655824576,1655823890,11.43333333,33.8,-22.36666667
141,141,59170210,DA,59170210,0.183,517,216,209,517,-123.306453,48.418346,1655822396,1655824594,1655824526,1655823868,10.96666667,35.5,-24.53333333
142,142,59170211,DA,59170211,0.8728,508,293,266,508,-123.301769,48.415231,1655822071,1655824627,1655824539,1655823829,11.83333333,41.13333333,-29.3
143,143,59170212,DA,59170212,0.1568,511,340,302,511,-123.30349,48.422784,1655822644,1655824693,1655824640,1655823899,12.35,33.26666667,-20.91666667
144,144,59170214,DA,59170214,1.0236,549,235,222,549,-123.297164,48.440782,1655822963,1655824793,1655824832,1655824280,9.2,31.15,-21.95
145,145,59170215,DA,59170215,0.1709,436,184,180,436,-123.304838,48.438664,1655823246,1655824853,1655824866,1655824372,8.233333333,27,-18.76666667
146,146,59170216,DA,59170216,0.1816,508,252,238,508,-123.305914,48.434921,1655823253,1655824864,1655824856,1655824222,10.56666667,26.71666667,-16.15
147,147,59170217,DA,59170217,0.2037,540,206,200,540,-123.309403,48.440325,1655823687,1655824979,1655824962,1655824411,9.183333333,21.25,-12.06666667
148,148,59170218,DA,59170218,0.2216,530,202,196,530,-123.317243,48.439765,1655824117,1655824932,1655824938,1655824530,6.8,13.68333333,-6.883333333
149,149,59170219,DA,59170219,0.2269,525,194,190,525,-123.315205,48.443139,1655823938,1655824979,1655824977,1655824587,6.5,17.31666667,-10.81666667
150,150,59170220,DA,59170220,0.2253,481,186,175,481,-123.319872,48.444791,1655824212,1655825037,1655825027,1655824733,4.9,13.58333333,-8.683333333
151,151,59170221,DA,59170221,0.1725,574,234,226,574,-123.324445,48.443944,1655824367,1655824968,1655824952,1655824680,4.533333333,9.75,-5.216666667
152,152,59170222,DA,59170222,0.2043,728,308,292,728,-123.325579,48.439735,1655824337,1655824935,1655824908,1655824515,6.55,9.516666667,-2.966666667
153,153,59170223,DA,59170223,0.3143,944,379,364,944,-123.330015,48.44141,1655824254,1655824914,1655824872,1655824477,6.583333333,10.3,-3.716666667
154,154,59170224,DA,59170224,0.0925,506,262,247,506,-123.330919,48.438046,1655824328,1655824828,1655824765,1655824363,6.7,7.283333333,-0.583333333
155,155,59170225,DA,59170225,0.1329,488,189,179,488,-123.334186,48.442259,1655824170,1655824896,1655824839,1655824358,8.016666667,11.15,-3.133333333
156,156,59170226,DA,59170226,0.1579,589,248,240,589,-123.335437,48.437391,1655824008,1655824825,1655824764,1655824369,6.583333333,12.6,-6.016666667
157,157,59170227,DA,59170227,0.1632,778,436,415,778,-123.338744,48.443101,1655824363,1655824897,1655824847,1655824498,5.816666667,8.066666667,-2.25
158,158,59170228,DA,59170228,0.0955,339,155,146,339,-123.34205,48.441322,1655824242,1655824835,1655824779,1655824417,6.033333333,8.95,-2.916666667
159,159,59170229,DA,59170229,0.2325,445,218,215,445,-123.335467,48.446279,1655824329,1655824826,1655824787,1655824471,5.266666667,7.633333333,-2.366666667
160,160,59170230,DA,59170230,0.1205,622,293,282,622,-123.339429,48.449372,1655823898,1655824884,1655824856,1655824383,7.883333333,15.96666667,-8.083333333
161,161,59170231,DA,59170231,0.1148,402,213,201,402,-123.334983,48.449851,1655824116,1655824965,1655824933,1655824469,7.733333333,13.61666667,-5.883333333
162,162,59170233,DA,59170233,0.2838,651,263,254,651,-123.335978,48.455572,1655824232,1655825008,1655824985,1655824659,5.433333333,12.55,-7.116666667
163,163,59170234,DA,59170234,0.2276,690,296,281,690,-123.330662,48.454062,1655824447,1655825000,1655824977,1655824669,5.133333333,8.833333333,-3.7
164,164,59170235,DA,59170235,0.1394,748,462,427,748,-123.329766,48.45919,1655824818,1655825106,1655825083,1655824885,3.3,4.416666667,-1.116666667
165,165,59170236,DA,59170236,0.3916,533,268,256,533,-123.325868,48.456419,1655824463,1655825022,1655825043,1655824931,1.866666667,9.666666667,-7.8
166,166,59170237,DA,59170237,0.183,606,307,288,606,-123.33002,48.461959,1655824551,1655825003,1655825023,1655824968,0.916666667,7.866666667,-6.95
167,167,59170238,DA,59170238,0.1481,593,272,253,593,-123.327995,48.463841,1655824400,1655825019,1655825021,1655824990,0.516666667,10.35,-9.833333333
168,168,59170239,DA,59170239,0.1593,578,259,247,578,-123.329297,48.466557,1655824546,1655824991,1655824990,1655824952,0.633333333,7.4,-6.766666667
169,169,59170240,DA,59170240,0.1083,697,344,325,697,-123.328125,48.467945,1655824946,1655825019,1655825014,1655824938,1.266666667,1.133333333,0.133333333
170,170,59170241,DA,59170241,0.1794,723,270,252,723,-123.32637,48.470295,1655824618,1655824941,1655824935,1655824819,1.933333333,5.283333333,-3.35
171,171,59170242,DA,59170242,0.236,962,383,355,962,-123.332174,48.471191,1655824832,1655824945,1655824926,1655824835,1.516666667,1.566666667,-0.05
172,172,59170243,DA,59170243,0.1655,596,223,211,596,-123.329667,48.474605,1655824615,1655824917,1655824918,1655824781,2.283333333,5.05,-2.766666667
173,173,59170244,DA,59170244,0.1472,807,242,235,807,-123.322207,48.473995,1655824279,1655824954,1655824922,1655824901,0.35,10.71666667,-10.36666667
174,174,59170245,DA,59170245,0.2451,923,369,342,923,-123.321791,48.471286,1655824610,1655824977,1655824970,1655824905,1.083333333,6,-4.916666667
175,175,59170246,DA,59170246,0.1982,682,261,243,682,-123.316919,48.474136,1655824373,1655825009,1655824953,1655825026,-1.216666667,9.666666667,-10.88333333
176,176,59170247,DA,59170247,0.1518,414,156,149,414,-123.319311,48.477186,1655824094,1655824937,1655824866,1655824910,-0.733333333,12.86666667,-13.6
177,177,59170248,DA,59170248,0.2178,485,183,175,485,-123.31188,48.478512,1655823961,1655824900,1655824849,1655824865,-0.266666667,14.8,-15.06666667
178,178,59170249,DA,59170249,0.2227,611,224,217,611,-123.319087,48.480496,1655824068,1655824832,1655824777,1655824773,0.066666667,11.81666667,-11.75
179,179,59170250,DA,59170250,0.1848,468,177,167,468,-123.316444,48.482657,1655824149,1655824887,1655824812,1655824814,-0.033333333,11.05,-11.08333333
180,180,59170251,DA,59170251,0.171,493,177,165,493,-123.316324,48.486047,1655823668,1655824787,1655824731,1655824707,0.4,17.71666667,-17.31666667
181,181,59170252,DA,59170252,0.3621,1101,407,383,1101,-123.322265,48.485944,1655823882,1655824804,1655824712,1655824657,0.916666667,13.83333333,-12.91666667
182,182,59170253,DA,59170253,0.1982,416,142,137,416,-123.316491,48.489618,1655823588,1655824803,1655824733,1655824581,2.533333333,19.08333333,-16.55
183,183,59170254,DA,59170254,0.2515,446,181,174,446,-123.309695,48.489819,1655823458,1655824852,1655824779,1655824594,3.083333333,22.01666667,-18.93333333
184,184,59170255,DA,59170255,0.2508,410,162,157,410,-123.310717,48.485239,1655823838,1655824843,1655824782,1655824738,0.733333333,15.73333333,-15
185,185,59170256,DA,59170256,0.5292,674,266,253,674,-123.305734,48.488499,1655823460,1655824865,1655824796,1655824608,3.133333333,22.26666667,-19.13333333
186,186,59170257,DA,59170257,0.5651,768,304,292,768,-123.305377,48.479749,1655823980,1655824942,1655824873,1655824802,1.183333333,14.88333333,-13.7
187,187,59170258,DA,59170258,0.3055,751,300,294,751,-123.308701,48.474881,1655824151,1655824939,1655824876,1655825080,-3.4,12.08333333,-15.48333333
188,188,59170259,DA,59170259,0.1815,434,166,154,434,-123.307523,48.47155,1655824756,1655824966,1655824948,1655825204,-4.266666667,3.2,-7.466666667
189,189,59170260,DA,59170260,0.6647,635,242,231,635,-123.312415,48.470091,1655824472,1655824978,1655824936,1655825008,-1.2,7.733333333,-8.933333333
190,190,59170262,DA,59170262,0.3476,612,270,259,612,-123.296657,48.464035,1655824313,1655824995,1655824993,1655824934,0.983333333,11.33333333,-10.35
191,191,59170263,DA,59170263,0.3876,496,234,217,496,-123.295471,48.459257,1655823977,1655824908,1655824937,1655824801,2.266666667,16,-13.73333333
192,192,59170264,DA,59170264,0.5464,641,249,243,641,-123.288825,48.463781,1655824396,1655824899,1655824909,1655824773,2.266666667,8.55,-6.283333333
193,193,59170265,DA,59170265,0.3099,448,175,171,448,-123.284694,48.459329,1655824329,1655824914,1655824920,1655824680,4,9.85,-5.85
194,194,59170266,DA,59170266,0.5097,518,264,254,518,-123.277285,48.460636,1655823654,1655824803,1655824802,1655824533,4.483333333,19.13333333,-14.65
195,195,59170267,DA,59170267,0.509,367,154,149,367,-123.278687,48.452707,1655823580,1655824846,1655824846,1655824470,6.266666667,21.1,-14.83333333
196,196,59170268,DA,59170268,0.3078,243,99,97,243,-123.274285,48.454958,1655823450,1655824795,1655824808,1655824440,6.133333333,22.63333333,-16.5
197,197,59170270,DA,59170270,0.4053,579,257,242,579,-123.31733,48.411366,1655823024,1655824598,1655824527,1655823871,10.93333333,25.05,-14.11666667
198,198,59170271,DA,59170271,0.6912,253,99,96,253,-123.294611,48.471418,1655824218,1655824876,1655824866,1655824861,0.083333333,10.8,-10.71666667
199,199,59170272,DA,59170272,0.3641,722,398,367,722,-123.33568,48.410431,1655823430,1655824523,1655824440,1655823771,11.15,16.83333333,-5.683333333
200,200,59170273,DA,59170273,0.193,585,268,248,585,-123.341728,48.414259,1655823362,1655824479,1655824445,1655823825,10.33333333,18.05,-7.716666667
201,201,59170274,DA,59170274,0.2333,624,336,312,624,-123.346519,48.413447,1655823477,1655824490,1655824420,1655823666,12.56666667,15.71666667,-3.15
202,202,59170275,DA,59170275,0.3104,517,243,230,517,-123.342544,48.416993,1655823186,1655824432,1655824434,1655823787,10.78333333,20.8,-10.01666667
203,203,59170276,DA,59170276,0.1192,514,269,259,514,-123.349427,48.418529,1655823483,1655824574,1655824507,1655823802,11.75,17.06666667,-5.316666667
204,204,59170277,DA,59170277,0.1274,406,210,202,406,-123.345385,48.421138,1655823687,1655824588,1655824522,1655823925,9.95,13.91666667,-3.966666667
205,205,59170278,DA,59170278,0.0809,534,374,349,534,-123.350011,48.422433,1655823951,1655824636,1655824564,1655823918,10.76666667,10.21666667,0.55
206,206,59170279,DA,59170279,0.0415,453,330,312,453,-123.352681,48.421789,1655823753,1655824594,1655824522,1655823857,11.08333333,12.81666667,-1.733333333
207,207,59170280,DA,59170280,0.0668,613,395,365,613,-123.354232,48.420229,1655823639,1655824544,1655824477,1655823807,11.16666667,13.96666667,-2.8
208,208,59170281,DA,59170281,0.0718,889,658,617,889,-123.355869,48.422014,1655823732,1655824548,1655824482,1655823791,11.51666667,12.5,-0.983333333
209,209,59170282,DA,59170282,0.1096,614,443,419,614,-123.359038,48.421335,1655823552,1655824475,1655824425,1655823747,11.3,14.55,-3.25
210,210,59170285,DA,59170285,0.059,628,443,416,628,-123.356685,48.41866,1655823453,1655824515,1655824442,1655823722,12,16.48333333,-4.483333333
211,211,59170286,DA,59170286,0.0583,573,384,371,573,-123.357793,48.416398,1655823179,1655824471,1655824401,1655823611,13.16666667,20.36666667,-7.2
212,212,59170287,DA,59170287,0.0527,535,362,344,535,-123.354033,48.416668,1655823352,1655824482,1655824424,1655823675,12.48333333,17.86666667,-5.383333333
213,213,59170288,DA,59170288,0.0812,631,409,388,631,-123.352153,48.41501,1655823282,1655824505,1655824438,1655823665,12.88333333,19.26666667,-6.383333333
214,214,59170289,DA,59170289,0.086,563,353,337,563,-123.352802,48.41831,1655823484,1655824507,1655824460,1655823777,11.38333333,16.26666667,-4.883333333
215,215,59170290,DA,59170290,0.1119,614,357,337,614,-123.356076,48.413322,1655822920,1655824405,1655824341,1655823571,12.83333333,23.68333333,-10.85
216,216,59170291,DA,59170291,0.1206,532,257,239,532,-123.351162,48.412273,1655823091,1655824448,1655824393,1655823582,13.51666667,21.7,-8.183333333
217,217,59170292,DA,59170292,0.1274,523,243,227,523,-123.355069,48.410263,1655822592,1655824402,1655824330,1655823553,12.95,28.96666667,-16.01666667
218,218,59170293,DA,59170293,0.1557,508,254,243,508,-123.353288,48.408274,1655822527,1655824366,1655824320,1655823524,13.26666667,29.88333333,-16.61666667
219,219,59170294,DA,59170294,0.1483,586,296,273,586,-123.348549,48.40904,1655823103,1655824425,1655824353,1655823558,13.25,20.83333333,-7.583333333
220,220,59170295,DA,59170295,0.8021,670,497,469,670,-123.359214,48.414756,1655822964,1655824416,1655824349,1655823554,13.25,23.08333333,-9.833333333
221,221,59170296,DA,59170296,0.0561,727,510,467,727,-123.367507,48.41454,1655822933,1655824305,1655824245,1655823264,16.35,21.86666667,-5.516666667
222,222,59170297,DA,59170297,0.0389,539,420,369,539,-123.367143,48.416558,1655823129,1655824350,1655824279,1655823327,15.86666667,19.16666667,-3.3
223,223,59170298,DA,59170298,0.2941,1021,598,560,1021,-123.370185,48.418392,1655823112,1655824346,1655824274,1655823301,16.21666667,19.36666667,-3.15
224,224,59170299,DA,59170299,0.055,464,276,256,464,-123.370903,48.414813,1655822819,1655824256,1655824190,1655823250,15.66666667,22.85,-7.183333333
225,225,59170300,DA,59170300,0.092,526,334,309,526,-123.372453,48.413486,1655822326,1655824229,1655824161,1655823248,15.21666667,30.58333333,-15.36666667
226,226,59170301,DA,59170301,0.0293,412,286,278,412,-123.37471,48.412744,1655822235,1655824147,1655824080,1655823170,15.16666667,30.75,-15.58333333
227,227,59170302,DA,59170302,0.1088,571,304,288,571,-123.375281,48.411758,1655822201,1655824155,1655824095,1655823182,15.21666667,31.56666667,-16.35
228,228,59170303,DA,59170303,0.096,669,409,393,669,-123.378123,48.413794,1655822161,1655824126,1655824057,1655823135,15.36666667,31.6,-16.23333333
229,229,59170304,DA,59170304,0.0314,541,330,316,541,-123.375576,48.414978,1655822298,1655824236,1655824167,1655823235,15.53333333,31.15,-15.61666667
230,230,59170305,DA,59170305,0.0568,674,449,437,674,-123.377722,48.41604,1655822043,1655824154,1655824086,1655823174,15.2,34.05,-18.85
231,231,59170308,DA,59170308,0.0387,511,357,329,511,-123.37464,48.418323,1655822699,1655824231,1655824161,1655823243,15.3,24.36666667,-9.066666667
232,232,59170309,DA,59170309,0.076,734,413,398,734,-123.379103,48.419122,1655822065,1655824211,1655824133,1655823200,15.55,34.46666667,-18.91666667
233,233,59170310,DA,59170310,0.0563,325,167,157,325,-123.381186,48.42057,1655821942,1655824187,1655824112,1655823172,15.66666667,36.16666667,-20.5
234,234,59170311,DA,59170311,0.2083,1188,828,720,1188,-123.377526,48.421707,1655822785,1655824273,1655824223,1655823255,16.13333333,23.96666667,-7.833333333
235,235,59170312,DA,59170312,0.3174,833,426,399,833,-123.384376,48.419053,1655821871,1655824125,1655824064,1655823112,15.86666667,36.55,-20.68333333
236,236,59170313,DA,59170313,0.1557,622,354,344,622,-123.382517,48.416535,1655821886,1655824149,1655824060,1655823138,15.36666667,36.23333333,-20.86666667
237,237,59170314,DA,59170314,0.2062,788,479,461,788,-123.396659,48.428627,1655822760,1655824154,1655823983,1655822473,25.16666667,20.38333333,4.783333333
238,238,59170315,DA,59170315,0.2367,426,190,181,426,-123.402802,48.42472,1655822708,1655824056,1655823931,1655822573,22.63333333,20.38333333,2.25
239,239,59170316,DA,59170316,0.1057,509,272,260,509,-123.401736,48.428478,1655822911,1655824132,1655823957,1655822689,21.13333333,17.43333333,3.7
240,240,59170317,DA,59170317,0.1064,811,526,509,811,-123.403086,48.431099,1655822827,1655824112,1655823953,1655822889,17.73333333,18.76666667,-1.033333333
241,241,59170318,DA,59170318,0.1773,555,299,288,555,-123.406745,48.428494,1655822884,1655824115,1655823928,1655822623,21.75,17.4,4.35
242,242,59170319,DA,59170319,0.1546,720,431,422,720,-123.40888,48.431102,1655822864,1655824068,1655823910,1655822565,22.41666667,17.43333333,4.983333333
243,243,59170320,DA,59170320,0.2151,529,275,268,529,-123.406903,48.434328,1655822503,1655824100,1655823916,1655822843,17.88333333,23.55,-5.666666667
244,244,59170321,DA,59170321,0.1864,568,236,229,568,-123.415918,48.434127,1655822489,1655824009,1655823801,1655822532,21.15,21.86666667,-0.716666667
245,245,59170322,DA,59170322,0.2002,477,189,186,477,-123.410142,48.436563,1655822107,1655824137,1655823942,1655822826,18.6,30.58333333,-11.98333333
246,246,59170323,DA,59170323,0.5805,332,219,201,332,-123.422839,48.431629,1655822401,1655823952,1655823719,1655822503,20.26666667,21.96666667,-1.7
247,247,59170324,DA,59170324,0.0885,593,308,295,593,-123.416414,48.431338,1655822700,1655824040,1655823827,1655822582,20.75,18.78333333,1.966666667
248,248,59170325,DA,59170325,0.1057,610,407,350,610,-123.417083,48.429132,1655822784,1655823997,1655823785,1655822473,21.86666667,16.68333333,5.183333333
249,249,59170326,DA,59170326,0.1673,592,253,240,592,-123.414281,48.426524,1655822535,1655824017,1655823868,1655822504,22.73333333,22.21666667,0.516666667
250,250,59170327,DA,59170327,0.1091,529,245,238,529,-123.40786,48.426073,1655822680,1655824080,1655823891,1655822577,21.9,20.18333333,1.716666667
251,251,59170328,DA,59170328,0.3142,601,259,249,601,-123.410161,48.423078,1655822501,1655824016,1655823803,1655822422,23.01666667,21.7,1.316666667
252,252,59170331,DA,59170331,0.4687,745,401,390,745,-123.432327,48.446976,1655821901,1655824158,1655823841,1655822810,17.18333333,32.33333333,-15.15
253,253,59170332,DA,59170332,0.2165,120,41,39,120,-123.429066,48.444088,1655822000,1655824178,1655823812,1655822805,16.78333333,30.2,-13.41666667
254,254,59170335,DA,59170335,0.1023,636,328,313,636,-123.422414,48.449332,1655822450,1655824048,1655823836,1655822572,21.06666667,23.1,-2.033333333
255,255,59170336,DA,59170336,0.543,1190,510,493,1190,-123.404363,48.444978,1655822560,1655824206,1655824073,1655822933,19,25.21666667,-6.216666667
256,256,59170337,DA,59170337,0.2282,526,235,219,526,-123.407246,48.451123,1655822336,1655824257,1655824069,1655823216,14.21666667,28.88333333,-14.66666667
257,257,59170338,DA,59170338,0.2314,653,265,259,653,-123.412285,48.453471,1655822294,1655824283,1655823942,1655823134,13.46666667,27.46666667,-14
258,258,59170339,DA,59170339,0.2041,476,216,210,476,-123.408493,48.456076,1655822314,1655824313,1655823971,1655823231,12.33333333,27.61666667,-15.28333333
259,259,59170343,DA,59170343,0.2118,490,208,203,490,-123.404416,48.46643,1655822451,1655824391,1655824124,1655823239,14.75,27.88333333,-13.13333333
260,260,59170344,DA,59170344,0.2217,467,178,172,467,-123.397304,48.467764,1655822525,1655824401,1655824176,1655823197,16.31666667,27.51666667,-11.2
261,261,59170345,DA,59170345,0.286,455,186,179,455,-123.405421,48.469712,1655822495,1655824363,1655824105,1655823206,14.98333333,26.83333333,-11.85
262,262,59170346,DA,59170346,0.6195,455,201,198,455,-123.403761,48.476396,1655822427,1655824263,1655824007,1655823050,15.95,26.33333333,-10.38333333
263,263,59170347,DA,59170347,0.2091,556,203,197,556,-123.394222,48.475406,1655822786,1655824432,1655824239,1655823528,11.85,24.21666667,-12.36666667
264,264,59170348,DA,59170348,0.1793,575,220,215,575,-123.393601,48.472417,1655822836,1655824466,1655824266,1655823547,11.98333333,23.83333333,-11.85
265,265,59170349,DA,59170349,0.4945,961,352,344,961,-123.386172,48.471993,???,1655824445,1655824267,1655823624,10.71666667,80,-80
266,266,59170350,DA,59170350,0.1226,445,161,160,445,-123.388193,48.476234,1655822907,1655824427,1655824236,1655823541,11.58333333,22.15,-10.56666667
267,267,59170351,DA,59170351,0.2091,527,198,193,527,-123.391584,48.468329,1655822869,1655824505,1655824340,1655823686,10.9,24.51666667,-13.61666667
268,268,59170352,DA,59170352,0.3454,907,380,358,907,-123.385067,48.46718,1655823141,1655824613,1655824473,1655823902,9.516666667,22.2,-12.68333333
269,269,59170353,DA,59170353,0.1926,921,372,362,921,-123.389756,48.464244,1655822809,1655824381,1655824242,1655823502,12.33333333,23.88333333,-11.55
270,270,59170354,DA,59170354,0.0948,317,136,132,317,-123.393817,48.466121,1655822983,1655824545,1655824338,1655823771,9.45,22.58333333,-13.13333333
271,271,59170357,DA,59170357,0.167,518,221,208,518,-123.389412,48.456089,1655822698,1655824375,1655824211,1655823646,9.416666667,25.21666667,-15.8
272,272,59170359,DA,59170359,0.1171,465,176,170,465,-123.387911,48.45289,1655823012,1655824395,1655824254,1655823613,10.68333333,20.7,-10.01666667
273,273,59170360,DA,59170360,0.1626,571,235,225,571,-123.383554,48.451257,1655823180,1655824429,1655824366,1655823635,12.18333333,19.76666667,-7.583333333
274,274,59170361,DA,59170361,0.1707,829,405,383,829,-123.392207,48.451721,1655823036,1655824390,1655824235,1655823528,11.78333333,19.98333333,-8.2
275,275,59170362,DA,59170362,0.177,662,313,303,662,-123.389079,48.448153,1655822973,1655824407,1655824231,1655823489,12.36666667,20.96666667,-8.6
276,276,59170363,DA,59170363,0.1802,748,359,346,748,-123.395852,48.449071,1655822807,1655824314,1655824109,1655823434,11.25,21.7,-10.45
277,277,59170364,DA,59170364,0.1044,688,357,346,688,-123.391863,48.445857,1655822672,1655824355,1655824225,1655823391,13.9,25.88333333,-11.98333333
278,278,59170365,DA,59170365,0.1066,499,314,306,499,-123.392939,48.44455,1655822542,1655824352,1655824222,1655823259,16.05,28,-11.95
279,279,59170366,DA,59170366,0.1287,755,354,345,755,-123.399513,48.445246,1655822776,1655824256,1655824124,1655823183,15.68333333,22.46666667,-6.783333333
280,280,59170367,DA,59170367,0.0557,674,361,351,674,-123.395714,48.440999,1655823036,1655824256,1655824059,1655823124,15.58333333,17.05,-1.466666667
281,281,59170368,DA,59170368,0.1354,605,354,295,605,-123.399611,48.440669,1655822931,1655824233,1655824080,1655823025,17.58333333,19.15,-1.566666667
282,282,59170369,DA,59170369,0.1752,512,242,232,512,-123.395954,48.438905,1655822895,1655824232,1655824089,1655823044,17.41666667,19.9,-2.483333333
283,283,59170370,DA,59170370,0.0962,523,267,263,523,-123.396278,48.436582,1655822733,1655824189,1655824005,1655823055,15.83333333,21.2,-5.366666667
284,284,59170371,DA,59170371,0.1228,556,224,220,556,-123.391623,48.434098,1655822723,1655824198,1655824075,1655823071,16.73333333,22.53333333,-5.8
285,285,59170372,DA,59170372,0.1008,495,222,211,495,-123.391032,48.437075,1655823013,1655824258,1655824078,1655823168,15.16666667,17.75,-2.583333333
286,286,59170373,DA,59170373,0.106,457,202,195,457,-123.387884,48.434769,1655823036,1655824299,1655824152,1655823147,16.75,18.6,-1.85
287,287,59170375,DA,59170375,0.1065,467,211,201,467,-123.384664,48.434107,1655823151,1655824334,1655824231,1655823220,16.85,18,-1.15
288,288,59170376,DA,59170376,0.1447,608,346,321,608,-123.388411,48.431703,1655823060,1655824260,1655824110,1655823054,17.6,17.5,0.1
289,289,59170378,DA,59170378,0.0752,599,433,424,599,-123.3927,48.43057,1655823084,1655824231,1655824120,1655822808,21.86666667,17.26666667,4.6
290,290,59170379,DA,59170379,0.0781,456,262,238,456,-123.397289,48.430933,1655822957,1655824193,1655824028,1655822774,20.9,17.85,3.05
291,291,59170380,DA,59170380,0.3032,800,406,389,800,-123.399934,48.433395,1655822927,1655824204,1655824043,1655822982,17.68333333,18.6,-0.916666667
292,292,59170383,DA,59170383,0.6162,1126,515,486,1126,-123.373728,48.438738,1655823288,1655824432,1655824332,1655823276,17.6,17.4,0.2
293,293,59170384,DA,59170384,0.1651,586,307,291,586,-123.373044,48.441413,1655823253,1655824487,1655824371,1655823394,16.28333333,18.63333333,-2.35
294,294,59170385,DA,59170385,0.2902,447,242,225,447,-123.374109,48.444473,1655822922,1655824569,1655824463,1655823545,15.3,25.68333333,-10.38333333
295,295,59170386,DA,59170386,0.1269,727,346,332,727,-123.37908,48.443971,1655822567,1655824427,1655824329,1655823510,13.65,29.36666667,-15.71666667
296,296,59170387,DA,59170387,0.0705,463,240,228,463,-123.381654,48.445286,1655822565,1655824436,1655824322,1655823490,13.86666667,29.28333333,-15.41666667
297,297,59170388,DA,59170388,0.112,511,217,207,511,-123.383065,48.446636,1655822834,1655824456,1655824335,1655823452,14.71666667,25.01666667,-10.3
298,298,59170389,DA,59170389,0.1622,699,382,365,699,-123.387153,48.445523,1655822837,1655824370,1655824241,1655823397,14.06666667,23.4,-9.333333333
299,299,59170390,DA,59170390,0.1474,1320,743,731,1320,-123.386032,48.44236,1655822532,1655824382,1655824267,1655823310,15.95,28.91666667,-12.96666667
300,300,59170392,DA,59170392,0.4027,780,399,386,780,-123.37011,48.452216,1655823068,1655824544,1655824491,1655823662,13.81666667,23.71666667,-9.9
301,301,59170393,DA,59170393,0.2993,491,299,285,491,-123.373811,48.458314,1655823150,1655824504,1655824383,1655823911,7.866666667,20.55,-12.68333333
302,302,59170396,DA,59170396,0.2797,697,276,262,697,-123.385406,48.460813,1655822608,1655824475,1655824290,1655823683,10.11666667,28.03333333,-17.91666667
303,303,59170397,DA,59170397,0.4741,671,271,258,671,-123.375172,48.46601,1655823038,1655824584,1655824466,1655823943,8.716666667,23.8,-15.08333333
304,304,59170399,DA,59170399,0.3602,601,244,234,601,-123.371747,48.460908,1655823390,1655824632,1655824563,1655823648,15.25,19.55,-4.3
305,305,59170402,DA,59170402,0.263,553,253,248,553,-123.404567,48.438868,1655822440,1655824207,1655824007,1655822889,18.63333333,26.11666667,-7.483333333
306,306,59170403,DA,59170403,0.9107,746,374,355,746,-123.416901,48.441512,1655821831,1655824006,1655823792,1655822605,19.78333333,32.68333333,-12.9
307,307,59170404,DA,59170404,0.1081,467,227,212,467,-123.422307,48.438571,1655822127,1655824113,1655823871,1655822609,21.03333333,29.06666667,-8.033333333
308,308,59170405,DA,59170405,0.0896,368,186,184,368,-123.426525,48.439129,1655822083,1655824117,1655823759,1655822572,19.78333333,27.93333333,-8.15
309,309,59170406,DA,59170406,0.1608,519,233,226,519,-123.400108,48.450273,1655822790,1655824257,1655824077,1655823370,11.78333333,21.45,-9.666666667
310,310,59170407,DA,59170407,0.1845,634,269,259,634,-123.403302,48.452816,1655822594,1655824291,1655823986,1655823319,11.11666667,23.2,-12.08333333
311,311,59170408,DA,59170408,0.5393,1401,536,526,1401,-123.412974,48.466727,1655822122,1655824316,1655823987,1655823118,14.48333333,31.08333333,-16.6
312,312,59170409,DA,59170409,0.4371,946,396,383,946,-123.417832,48.469586,1655822270,1655824239,1655823897,1655823052,14.08333333,27.11666667,-13.03333333
313,313,59170410,DA,59170410,0.4219,612,205,201,612,-123.418267,48.475394,1655822556,1655824169,1655823866,1655822889,16.28333333,21.83333333,-5.55
314,314,59170413,DA,59170413,0.4564,871,389,368,871,-123.425171,48.465686,1655822282,1655824220,1655823874,1655823051,13.71666667,26.53333333,-12.81666667
315,315,59170414,DA,59170414,0.75,1297,565,549,1297,-123.433396,48.463779,1655822038,1655824322,1655824048,1655822889,19.31666667,33.5,-14.18333333
316,316,59170415,DA,59170415,0.6515,1296,576,547,1296,-123.431465,48.455439,1655822175,1655824083,1655823891,1655822503,23.13333333,28.6,-5.466666667
317,317,59170416,DA,59170416,0.0769,289,122,121,289,-123.427694,48.451423,1655822391,1655824123,1655823770,1655822839,15.51666667,22.98333333,-7.466666667
318,318,59170417,DA,59170417,0.2312,668,365,349,668,-123.438075,48.454132,1655822452,1655824203,1655823847,1655822741,18.43333333,23.25,-4.816666667
319,319,59170418,DA,59170418,0.1326,344,135,126,344,-123.440604,48.4582,1655822146,1655824081,1655823853,1655822472,23.01666667,28.45,-5.433333333
320,320,59170419,DA,59170419,0.5661,904,330,315,904,-123.445424,48.459372,1655822007,1655824001,1655823740,1655822281,24.31666667,28.88333333,-4.566666667
321,321,59170421,DA,59170421,0.5883,1093,535,513,1093,-123.452514,48.459009,1655821742,1655824059,1655823569,1655822203,22.76666667,30.45,-7.683333333
322,322,59170422,DA,59170422,2.3143,689,281,270,689,-123.463738,48.438617,1655821443,1655823971,1655823551,1655821979,26.2,35.13333333,-8.933333333
323,323,59170423,DA,59170423,0.0848,368,116,115,368,-123.457606,48.43692,1655821040,1655823899,1655823482,1655821839,27.38333333,40.7,-13.31666667
324,324,59170424,DA,59170424,0.0935,327,134,131,327,-123.462404,48.437062,1655821328,1655823937,1655823545,1655821935,26.83333333,36.95,-10.11666667
325,325,59170425,DA,59170425,2.7978,349,166,153,349,-123.476524,48.435476,1655821522,1655823876,1655823455,1655821808,27.45,32.21666667,-4.766666667
326,326,59170426,DA,59170426,1.1864,1245,541,524,1245,-123.474152,48.444722,1655822220,1655823998,1655823580,1655822001,26.31666667,22.66666667,3.65
327,327,59170427,DA,59170427,0.5856,1500,623,611,1500,-123.482095,48.448229,1655821303,1655823872,1655823343,1655822047,21.6,34,-12.4
328,328,59170428,DA,59170428,0.3203,1022,378,367,1022,-123.489202,48.451639,1655820588,1655823863,1655823234,1655821926,21.8,44.1,-22.3
329,329,59170429,DA,59170429,0.2245,1060,571,489,1060,-123.496337,48.449899,1655821804,1655823980,1655823358,1655821730,27.13333333,25.9,1.233333333
330,330,59170430,DA,59170430,0.3945,1322,499,484,1322,-123.494367,48.454822,1655821173,1655823872,1655823266,1655821679,26.45,34.88333333,-8.433333333
331,331,59170431,DA,59170431,0.2767,1853,868,834,1853,-123.501995,48.45262,1655821676,1655823985,1655823340,1655821572,29.46666667,27.73333333,1.733333333
332,332,59170432,DA,59170432,0.3627,2576,1360,1319,2576,-123.502368,48.447889,1655821791,1655823905,1655823270,1655821627,27.38333333,24.65,2.733333333
333,333,59170433,DA,59170433,0.1818,460,192,186,460,-123.510335,48.449047,1655821570,1655823799,1655823185,1655821499,28.1,26.91666667,1.183333333
334,334,59170435,DA,59170435,0.195,708,323,312,708,-123.514135,48.446935,1655821516,1655823922,1655823292,1655821464,30.46666667,29.6,0.866666667
335,335,59170437,DA,59170437,0.799,1324,647,618,1324,-123.511928,48.452233,1655821356,1655823881,1655823242,1655821457,29.75,31.43333333,-1.683333333
336,336,59170438,DA,59170438,1.9835,1691,755,707,1691,-123.518488,48.460068,1655819990,1655823876,1655823239,1655821140,34.98333333,54.15,-19.16666667
337,337,59170439,DA,59170439,0.9278,1804,745,717,1804,-123.504509,48.46038,1655820375,1655823923,1655823287,1655821290,33.28333333,48.53333333,-15.25
338,338,59170440,DA,59170440,0.5323,1419,647,624,1419,-123.497703,48.46414,1655820667,1655823946,1655823170,1655821733,23.95,41.71666667,-17.76666667
339,339,59170441,DA,59170441,0.1361,355,134,134,355,-123.489473,48.466601,1655820456,1655823782,1655823137,1655821729,23.46666667,44.68333333,-21.21666667
340,340,59170442,DA,59170442,0.3494,928,338,331,928,-123.48964,48.463138,1655820326,1655823783,1655823159,1655821799,22.66666667,47.21666667,-24.55
341,341,59170443,DA,59170443,1.452,1109,414,394,1109,-123.493968,48.471957,1655820105,1655823745,1655823082,1655821762,22,49.61666667,-27.61666667
342,342,59170444,DA,59170444,1.4508,2376,931,897,2376,-123.479146,48.454178,1655820412,1655823873,1655823491,1655821893,26.63333333,51.31666667,-24.68333333
343,343,59170451,DA,59170451,0.3543,463,176,171,463,-123.456953,48.565356,1655821630,1655823655,1655823531,1655821247,38.06666667,31.68333333,6.383333333
344,344,59170452,DA,59170452,0.8581,620,217,215,620,-123.451059,48.569832,1655821488,1655823611,1655823413,1655821089,38.73333333,32.08333333,6.65
345,345,59170453,DA,59170453,0.197,534,226,219,534,-123.448892,48.573433,1655821664,1655823682,1655823460,1655821067,39.88333333,29.93333333,9.95
346,346,59170454,DA,59170454,0.2205,516,231,227,516,-123.453028,48.574882,1655821262,1655823617,1655823463,1655820850,43.55,36.68333333,6.866666667
347,347,59170455,DA,59170455,0.2557,737,344,329,737,-123.454291,48.577815,1655821313,1655823655,1655823497,1655820860,43.95,36.4,7.55
348,348,59170456,DA,59170456,0.2603,676,284,273,676,-123.460817,48.574442,1655821328,1655823546,1655823341,1655820910,40.51666667,33.55,6.966666667
349,349,59170457,DA,59170457,0.1499,392,177,162,392,-123.462892,48.578773,1655821352,1655823602,1655823412,1655820560,47.53333333,34.33333333,13.2
350,350,59170458,DA,59170458,2.0887,712,251,237,712,-123.459667,48.583131,1655821178,1655823589,1655823376,1655820696,44.66666667,36.63333333,8.033333333
351,351,59170463,DA,59170463,3.5692,595,235,228,595,-123.434799,48.542239,1655821976,1655823914,1655823771,1655821938,30.55,29.91666667,0.633333333
352,352,59170464,DA,59170464,4.0285,425,181,172,425,-123.408058,48.544086,1655821277,1655823963,1655823844,1655822289,25.91666667,42.78333333,-16.86666667
353,353,59170466,DA,59170466,2.6923,517,208,201,517,-123.424013,48.521136,1655821975,1655824091,1655823957,1655822533,23.73333333,33.03333333,-9.3
354,354,59170468,DA,59170468,0.2938,632,288,283,632,-123.390991,48.499517,1655823878,1655824287,1655824166,1655823170,16.6,4.8,11.8
355,355,59170469,DA,59170469,2.6478,545,224,218,545,-123.434339,48.510526,1655820985,1655823985,1655823837,1655822304,25.55,47.53333333,-21.98333333
356,356,59170470,DA,59170470,8.408,730,288,273,730,-123.433012,48.489108,1655822374,1655824054,1655823936,1655822485,24.18333333,26.03333333,-1.85
357,357,59170471,DA,59170471,10.8568,579,228,224,579,-123.453141,48.52026,1655820629,1655823813,1655823568,1655821862,28.43333333,48.98333333,-20.55
358,358,59170472,DA,59170472,11.0259,4739,2054,1918,4739,-123.522272,48.470444,1655819654,1655823592,1655822934,1655821094,30.66666667,54.66666667,-24
359,359,59170473,DA,59170473,0.0663,0,0,0,0,-123.546457,48.485924,1655817447,1655823680,1655822934,1655819786,52.46666667,91.45,-38.98333333
360,360,59170475,DA,59170475,0.2707,518,234,230,518,-123.556938,48.457002,1655819242,1655823682,1655822971,1655820573,39.96666667,62.15,-22.18333333
361,361,59170476,DA,59170476,0.2065,573,205,196,573,-123.549791,48.456976,1655819453,1655823778,1655823158,1655820696,41.03333333,61.75,-20.71666667
362,362,59170478,DA,59170478,9.7516,2425,934,888,2425,-123.541746,48.427266,1655820882,1655823442,1655822648,1655820881,29.45,29.43333333,0.016666667
363,363,59170479,DA,59170479,0.5478,412,161,153,412,-123.533218,48.435274,1655820953,1655823522,1655822715,1655821000,28.58333333,29.36666667,-0.783333333
364,364,59170480,DA,59170480,0.3957,1563,605,581,1563,-123.532243,48.428338,1655820706,1655823513,1655822638,1655821022,26.93333333,32.2,-5.266666667
365,365,59170481,DA,59170481,0.2919,1152,468,458,1152,-123.52206,48.431111,1655821047,1655823608,1655822804,1655821166,27.3,29.28333333,-1.983333333
366,366,59170482,DA,59170482,0.7537,2746,1392,1317,2746,-123.51917,48.438771,1655820917,1655823694,1655823000,1655821311,28.15,34.71666667,-6.566666667
367,367,59170483,DA,59170483,0.1476,377,155,151,377,-123.517793,48.440375,1655821039,1655823727,1655822999,1655821353,27.43333333,32.66666667,-5.233333333
368,368,59170484,DA,59170484,0.757,1174,492,478,1174,-123.506961,48.434281,1655820915,1655823728,1655823086,1655821405,28.01666667,36.18333333,-8.166666667
369,369,59170485,DA,59170485,0.5399,725,279,271,725,-123.511089,48.429339,1655820940,1655823654,1655822949,1655821112,30.61666667,33.48333333,-2.866666667
370,370,59170488,DA,59170488,0.2688,763,290,286,763,-123.492265,48.430805,1655821210,1655823769,1655823350,1655821633,28.61666667,35.66666667,-7.05
371,371,59170489,DA,59170489,0.356,947,399,386,947,-123.490334,48.435173,1655821830,1655823892,1655823335,1655821814,25.35,25.08333333,0.266666667
372,372,59170490,DA,59170490,0.2059,506,213,209,506,-123.497388,48.435378,1655821459,1655823767,1655823198,1655821525,27.88333333,28.98333333,-1.1
373,373,59170491,DA,59170491,0.556,985,397,385,985,-123.490296,48.439235,1655821399,1655823785,1655823288,1655821700,26.46666667,31.48333333,-5.016666667
374,374,59170492,DA,59170492,0.201,501,179,177,501,-123.497587,48.441429,1655821231,1655823789,1655823165,1655821585,26.33333333,32.23333333,-5.9
375,375,59170493,DA,59170493,0.7545,1253,581,551,1253,-123.497831,48.445126,1655821156,1655823912,1655823260,1655821682,26.3,35.06666667,-8.766666667
376,376,59170494,DA,59170494,0.1327,355,128,127,355,-123.490678,48.422921,1655820935,1655823694,1655823255,1655821502,29.21666667,38.66666667,-9.45
377,377,59170495,DA,59170495,0.2194,502,200,196,502,-123.488079,48.420572,1655820823,1655823709,1655823229,1655821451,29.63333333,40.1,-10.46666667
378,378,59170498,DA,59170498,0.1554,427,168,162,427,-123.49856,48.41955,1655820903,1655823655,1655823129,1655821403,28.76666667,37.1,-8.333333333
379,379,59170501,DA,59170501,2.4549,3643,1350,1295,3643,-123.524985,48.42238,1655820362,1655823407,1655822662,1655820770,31.53333333,38.33333333,-6.8
380,380,59170502,DA,59170502,1.6305,1667,658,620,1667,-123.521352,48.410455,1655820159,1655823439,1655822723,1655820496,37.11666667,42.73333333,-5.616666667
381,381,59170507,DA,59170507,0.6077,731,340,330,731,-123.475149,48.420873,1655820251,1655823538,1655823069,1655820923,35.76666667,46.96666667,-11.2
382,382,59170544,DA,59170544,2.8179,266,90,86,266,-123.457654,48.623058,1655818085,1655823470,1655823287,1655819931,55.93333333,86.7,-30.76666667
383,383,59170545,DA,59170545,5.9755,998,481,464,998,-123.432526,48.665732,1655820063,1655823422,1655823264,1655819775,58.15,53.35,4.8
384,384,59170546,DA,59170546,0.4896,783,387,376,783,-123.412489,48.65868,1655821042,1655823362,1655823202,1655820009,53.21666667,36,17.21666667
385,385,59170547,DA,59170547,0.2894,109,48,40,109,-123.449008,48.664623,1655819205,1655823251,1655822993,1655819671,55.36666667,63.13333333,-7.766666667
386,386,59170548,DA,59170548,1.2387,652,338,307,652,-123.475405,48.68019,1655818541,1655823131,1655822878,1655819168,61.83333333,72.28333333,-10.45
387,387,59170549,DA,59170549,1.939,834,343,335,834,-123.472042,48.675266,1655818840,1655823219,1655823019,1655819455,59.4,69.65,-10.25
388,388,59170550,DA,59170550,2.1991,527,222,210,527,-123.466187,48.685868,1655818655,1655823205,1655823035,1655819147,64.8,73,-8.2
389,389,59170551,DA,59170551,1.7283,516,208,199,516,-123.44872,48.683304,1655819449,1655823263,1655823090,1655819227,64.38333333,60.68333333,3.7
390,390,59170552,DA,59170552,1.4511,650,294,278,650,-123.447104,48.694443,1655818666,1655823137,1655822889,1655818910,66.31666667,70.38333333,-4.066666667
391,391,59170553,DA,59170553,1.0874,425,163,159,425,-123.437454,48.690383,1655819388,1655823179,1655822941,1655818968,66.21666667,59.21666667,7
392,392,59170554,DA,59170554,0.0849,538,377,363,538,-123.371283,48.409981,1655822212,1655824198,1655824143,1655823171,16.2,32.18333333,-15.98333333
393,393,59170555,DA,59170555,0.0571,601,278,270,601,-123.369966,48.411543,1655822418,1655824253,1655824191,1655823304,14.78333333,29.55,-14.76666667
394,394,59170556,DA,59170556,0.1415,464,270,253,464,-123.341786,48.422755,1655823921,1655824658,1655824602,1655824082,8.666666667,11.35,-2.683333333
395,395,59170557,DA,59170557,0.0869,461,232,221,461,-123.339708,48.423854,1655823935,1655824649,1655824593,1655824086,8.45,10.96666667,-2.516666667
396,396,59170558,DA,59170558,0.1767,656,350,341,656,-123.336408,48.423691,1655823868,1655824634,1655824584,1655824111,7.883333333,11.93333333,-4.05
397,397,59170559,DA,59170559,1.8494,612,228,213,612,-123.340214,48.488572,1655824308,1655824741,1655824705,1655824273,7.2,6.616666667,0.583333333
398,398,59170560,DA,59170560,0.134,450,176,163,450,-123.33525,48.485218,1655824490,1655824740,1655824730,1655824528,3.366666667,4,-0.633333333
399,399,59170561,DA,59170561,0.1417,480,181,176,480,-123.333672,48.487485,1655824403,1655824702,1655824643,1655824478,2.75,4,-1.25
400,400,59170562,DA,59170562,0.1323,468,179,170,468,-123.329986,48.484078,1655823818,1655824709,1655824613,1655824593,0.333333333,13.25,-12.91666667
401,401,59170563,DA,59170563,0.1487,593,215,207,593,-123.32849,48.487269,1655824000,1655824742,1655824662,1655824526,2.266666667,11.03333333,-8.766666667
402,402,59170564,DA,59170564,0.2178,600,236,229,600,-123.325913,48.489379,1655823831,1655824733,1655824659,1655824482,2.95,13.8,-10.85
403,403,59170565,DA,59170565,0.179,543,206,201,543,-123.332378,48.490559,1655824163,1655824686,1655824623,1655824406,3.616666667,7.666666667,-4.05
404,404,59170566,DA,59170566,0.5237,574,226,221,574,-123.32099,48.49342,1655823583,1655824743,1655824678,1655824446,3.866666667,18.25,-14.38333333
405,405,59170567,DA,59170567,0.3802,860,319,294,860,-123.332018,48.479679,1655824505,1655824801,1655824792,1655824689,1.716666667,4.783333333,-3.066666667
406,406,59170568,DA,59170568,0.2471,489,182,171,489,-123.325212,48.479156,1655823864,1655824870,1655824790,1655824666,2.066666667,15.43333333,-13.36666667
407,407,59170569,DA,59170569,0.1996,588,229,215,588,-123.33683,48.478889,1655824579,1655824816,1655824796,1655824634,2.7,3.616666667,-0.916666667
408,408,59170570,DA,59170570,0.2485,433,174,167,433,-123.341716,48.479173,1655824283,1655824764,1655824743,1655824537,3.433333333,7.666666667,-4.233333333
409,409,59170571,DA,59170571,0.161,517,184,175,517,-123.340488,48.483567,1655824323,1655824637,1655824622,1655824410,3.533333333,4.983333333,-1.45
410,410,59170574,DA,59170574,0.2152,490,207,201,490,-123.362458,48.474293,1655823992,1655824696,1655824613,1655824231,6.366666667,10.35,-3.983333333
411,411,59170575,DA,59170575,0.4236,812,332,315,812,-123.354767,48.469451,1655824076,1655824865,1655824790,1655824408,6.366666667,11.9,-5.533333333
412,412,59170576,DA,59170576,0.2628,710,315,299,710,-123.355777,48.465692,1655823746,1655824805,1655824737,1655824327,6.833333333,16.51666667,-9.683333333
413,413,59170577,DA,59170577,0.1446,443,197,191,443,-123.354399,48.463244,1655823498,1655824797,1655824727,1655824264,7.716666667,20.48333333,-12.76666667
414,414,59170578,DA,59170578,0.2441,562,241,235,562,-123.355228,48.461001,1655822758,1655824684,1655824611,1655824265,5.766666667,30.88333333,-25.11666667
415,415,59170579,DA,59170579,0.2488,619,255,245,619,-123.347286,48.463458,1655823894,1655824875,1655824825,1655824541,4.733333333,15.51666667,-10.78333333
416,416,59170581,DA,59170581,0.269,788,355,339,788,-123.340561,48.460655,1655823882,1655824919,1655824890,1655824608,4.7,16.8,-12.1
417,417,59170582,DA,59170582,0.1525,805,395,375,805,-123.336603,48.460556,1655824324,1655824961,1655824962,1655824747,3.583333333,10.63333333,-7.05
418,418,59170583,DA,59170583,0.1656,692,338,315,692,-123.334671,48.464702,1655824550,1655824980,1655824976,1655824852,2.066666667,7.1,-5.033333333
419,419,59170584,DA,59170584,0.4257,894,404,377,894,-123.340877,48.466601,1655824362,1655824862,1655824860,1655824704,2.6,8.3,-5.7
420,420,59170585,DA,59170585,0.2126,540,299,279,540,-123.340903,48.469812,1655824528,1655824838,1655824852,1655824694,2.633333333,5.4,-2.766666667
421,421,59170586,DA,59170586,0.2497,550,220,214,550,-123.347357,48.468743,1655824300,1655824868,1655824828,1655824617,3.516666667,8.8,-5.283333333
422,422,59170587,DA,59170587,0.1835,542,335,322,542,-123.33831,48.471947,1655824294,1655824829,1655824827,1655824682,2.416666667,8.883333333,-6.466666667
423,423,59170588,DA,59170588,0.2505,589,258,250,589,-123.354707,48.456469,1655822649,1655824619,1655824558,1655824115,7.383333333,31.81666667,-24.43333333
424,424,59170589,DA,59170589,0.3127,896,430,421,896,-123.354556,48.451973,1655822523,1655824758,1655824691,1655824193,8.3,36.13333333,-27.83333333
425,425,59170590,DA,59170590,0.2938,432,174,166,432,-123.317645,48.451776,1655824625,1655825063,1655825061,1655824950,1.85,7.266666667,-5.416666667
426,426,59170591,DA,59170591,0.2293,587,241,225,587,-123.322723,48.464595,1655824676,1655825084,1655825079,1655825100,-0.35,6.716666667,-7.066666667
427,427,59170592,DA,59170592,0.2158,416,163,159,416,-123.317364,48.455633,1655824740,1655825146,1655825134,1655825058,1.266666667,6.566666667,-5.3
428,428,59170593,DA,59170593,1.7205,589,250,241,589,-123.311391,48.451895,1655824572,1655825061,1655825047,1655824947,1.666666667,7.916666667,-6.25
429,429,59170594,DA,59170594,0.3747,441,170,165,441,-123.308069,48.445718,1655823912,1655825035,1655825016,1655824769,4.116666667,18.4,-14.28333333
430,430,59170595,DA,59170595,0.5699,461,181,175,461,-123.300695,48.448224,1655824037,1655825036,1655825020,1655824729,4.85,16.38333333,-11.53333333
431,431,59170596,DA,59170596,0.4151,561,242,233,561,-123.324938,48.450554,1655824554,1655825000,1655824971,1655824704,4.45,6.95,-2.5
432,432,59170597,DA,59170597,0.203,600,262,250,600,-123.329995,48.448421,1655824319,1655824941,1655824897,1655824567,5.5,9.633333333,-4.133333333
433,433,59170598,DA,59170598,0.1486,639,282,269,639,-123.331847,48.435319,1655824201,1655824859,1655824797,1655824330,7.783333333,9.933333333,-2.15
434,434,59170599,DA,59170599,0.2283,554,263,257,554,-123.325573,48.43594,1655824228,1655824925,1655824882,1655824442,7.333333333,10.9,-3.566666667
435,435,59170600,DA,59170600,0.2327,557,292,280,557,-123.329914,48.432401,1655824275,1655824784,1655824705,1655824213,8.2,7.166666667,1.033333333
436,436,59170601,DA,59170601,0.1312,592,253,245,592,-123.33537,48.43231,1655823929,1655824772,1655824699,1655824154,9.083333333,12.83333333,-3.75
437,437,59170602,DA,59170602,0.1066,516,317,310,516,-123.399107,48.655821,1655821329,1655823461,1655823286,1655820319,49.45,32.61666667,16.83333333
438,438,59170603,DA,59170603,0.2686,486,261,248,486,-123.396637,48.65789,1655821127,1655823373,1655823197,1655820234,49.38333333,34.5,14.88333333
439,439,59170604,DA,59170604,0.3419,645,382,346,645,-123.405593,48.665077,1655821238,1655823361,1655823186,1655820056,52.16666667,32.46666667,19.7
440,440,59170610,DA,59170610,0.0912,1275,854,803,1275,-123.375472,48.416932,1655822166,1655824178,1655824107,1655823195,15.2,32.35,-17.15
441,441,59170611,DA,59170611,0.1423,1122,614,552,1122,-123.360871,48.418904,1655823292,1655824439,1655824380,1655823567,13.55,18.13333333,-4.583333333
442,442,59170612,DA,59170612,0.1353,1279,785,761,1279,-123.337161,48.427799,1655824002,1655824678,1655824604,1655824077,8.783333333,10.03333333,-1.25
443,443,59170613,DA,59170613,0.3514,959,390,375,959,-123.318621,48.430868,1655823941,1655824809,1655824802,1655824310,8.2,14.35,-6.15
444,444,59170614,DA,59170614,1.2386,1244,611,583,1244,-123.420161,48.426259,1655822436,1655823901,1655823735,1655822325,23.5,21.65,1.85
445,445,59170615,DA,59170615,3.0279,4009,1746,1668,4009,-123.533953,48.447522,1655820307,1655823760,1655823041,1655821148,31.55,45.56666667,-14.01666667
446,446,59170617,DA,59170617,0.2716,621,142,139,621,-123.379689,48.496534,1655823974,1655824382,1655824302,1655823528,12.9,5.466666667,7.433333333
447,447,59170619,DA,59170619,0.2004,352,144,142,352,-123.408422,48.642542,1655821242,1655823524,1655823335,1655820415,48.66666667,34.88333333,13.78333333
448,448,59170620,DA,59170620,0.2753,475,282,273,475,-123.415368,48.637139,1655821551,1655823639,1655823449,1655820691,45.96666667,31.63333333,14.33333333
449,449,59170621,DA,59170621,0.1052,314,125,122,314,-123.414282,48.639144,1655821418,1655823581,1655823399,1655820602,46.61666667,33.01666667,13.6
450,450,59170622,DA,59170622,0.3588,472,203,195,472,-123.495565,48.427997,1655821153,1655823775,1655823319,1655821568,29.18333333,36.1,-6.916666667
451,451,59170624,DA,59170624,8.4442,2436,1110,1013,2436,-123.467719,48.459555,1655821738,1655824083,1655823680,1655822296,23.06666667,32.36666667,-9.3
452,452,59170625,DA,59170625,1.6522,535,216,205,535,-123.459348,48.479476,1655819785,1655823841,1655823495,1655821940,25.91666667,61.83333333,-35.91666667
453,453,59170626,DA,59170626,0.3146,1097,431,419,1097,-123.444834,48.46601,1655822244,1655824172,1655823809,1655822659,19.16666667,26.08333333,-6.916666667
454,454,59170648,DA,59170648,129.4902,653,321,291,653,-123.479217,48.559874,???,1655823487,1655823314,1655820789,42.08333333,80,-80
455,455,59170649,DA,59170649,16.5343,1109,400,389,1109,-123.514317,48.535055,???,1655823199,1655823084,1655820333,45.85,80,-80
456,456,59170650,DA,59170650,11.4984,918,334,330,918,-123.521982,48.486444,1655817149,1655823529,1655822600,1655820822,29.63333333,90.85,-61.21666667
457,457,59170651,DA,59170651,9.9779,455,193,187,455,-123.47966,48.52226,???,1655823481,1655823087,1655820401,44.76666667,80,-80
458,458,59170652,DA,59170652,9.1821,523,217,207,523,-123.661796,48.403969,1655818926,1655822504,1655821603,1655817440,69.38333333,44.61666667,24.76666667
459,459,59170653,DA,59170653,3.917,449,200,183,449,-123.634145,48.39041,1655819806,1655822960,1655822011,1655818506,58.41666667,36.75,21.66666667
460,460,59170654,DA,59170654,0.706,677,409,381,677,-123.688292,48.382596,1655819399,1655822669,1655821715,1655817208,75.11666667,38.6,36.51666667
461,461,59170655,DA,59170655,0.2472,115,42,40,115,-123.696779,48.385751,1655819605,1655822660,1655821722,1655817185,75.61666667,35.28333333,40.33333333
462,462,59170656,DA,59170656,12.3324,857,421,403,857,-123.692552,48.406952,???,1655822503,1655821527,1655816932,76.58333333,80,-80
463,463,59170659,DA,59170659,0.5566,726,320,309,726,-123.724835,48.383098,1655819005,1655822419,1655821459,1655816664,79.91666667,40.9,39.01666667
464,464,59170660,DA,59170660,0.264,502,200,196,502,-123.728581,48.387117,1655818959,1655822353,1655821374,1655816488,81.43333333,40.25,41.18333333
465,465,59170661,DA,59170661,0.2066,447,170,162,447,-123.735785,48.38355,1655819372,1655822373,1655821351,1655816488,81.05,32.98333333,48.06666667
466,466,59170662,DA,59170662,0.3695,739,288,279,739,-123.733769,48.379212,1655819253,1655822351,1655821326,1655816479,80.78333333,34.55,46.23333333
467,467,59170663,DA,59170663,0.6694,1031,417,404,1031,-123.73069,48.374971,1655819082,1655822396,1655821402,1655816618,79.73333333,38.66666667,41.06666667
468,468,59170665,DA,59170665,0.4042,411,172,166,411,-123.739857,48.360733,1655818393,1655822279,1655821226,1655816236,83.16666667,47.21666667,35.95
469,469,59170666,DA,59170666,0.4999,115,55,51,115,-123.747788,48.362415,1655818148,1655822225,1655821152,1655816254,81.63333333,50.06666667,31.56666667
470,470,59170670,DA,59170670,5.374,711,370,326,711,-123.805492,48.368325,1655765753,1655821774,1655820625,1655814476,102.4833333,914.5333333,-812.05
471,471,59170671,DA,59170671,28.7007,796,429,357,796,-123.900161,48.387302,???,1655821352,1655820465,1655813159,121.7666667,80,-80
472,472,59170678,DA,59170678,3.7309,898,387,366,898,-123.497724,48.391085,1655820110,1655823433,1655822825,1655820493,38.86666667,45.25,-6.383333333
473,473,59170679,DA,59170679,4.2928,592,229,220,592,-123.525738,48.392994,1655819589,1655823281,1655822649,1655819514,52.25,51,1.25
474,474,59170680,DA,59170680,2.7887,476,187,178,476,-123.534537,48.3825,1655819415,1655823233,1655822571,1655819816,45.91666667,52.6,-6.683333333
475,475,59170681,DA,59170681,1.8045,433,179,172,433,-123.553142,48.373393,1655818450,1655823068,1655822316,1655819623,44.88333333,64.43333333,-19.55
476,476,59170682,DA,59170682,7.2478,684,284,276,684,-123.570864,48.376527,1655817035,1655822884,1655822173,1655819216,49.28333333,85.63333333,-36.35
477,477,59170683,DA,59170683,41.7093,986,395,382,986,-123.582491,48.386503,1655819413,1655823147,1655822283,1655819542,45.68333333,47.83333333,-2.15
478,478,59170684,DA,59170684,7.9938,998,277,262,998,-123.554881,48.353352,1655818114,1655822957,1655822228,1655819263,49.41666667,68.56666667,-19.15
479,479,59170685,DA,59170685,2.6356,221,88,80,221,-123.593583,48.34193,1655773112,1655822661,1655821856,1655818007,64.15,812.4,-748.25
480,480,59170688,DA,59170688,2.4874,0,0,0,0,-123.265145,48.451086,1655822883,1655824769,1655824769,1655824212,9.283333333,31.43333333,-22.15
481,481,59170689,DA,59170689,6.6478,935,435,388,935,-123.684635,48.36329,1655816981,1655822346,1655821407,1655815960,90.78333333,73.76666667,17.01666667
482,482,59170690,DA,59170690,23.9204,882,405,376,882,-123.635977,48.351099,1655817190,1655822640,1655821775,1655817164,76.85,76.41666667,0.433333333
483,483,59170691,DA,59170691,5.976,117,49,38,117,-123.617531,48.374285,???,1655822738,1655821882,1655818166,61.93333333,80,-80
484,484,59170692,DA,59170692,0.571,0,0,0,0,-123.606487,48.366319,???,1655822813,1655821955,1655818254,61.68333333,80,-80
485,485,59170694,DA,59170694,24.2181,1155,499,464,1155,-123.781986,48.392196,1655768278,1655822100,1655821042,1655815662,89.66666667,879.4,-789.7333333
486,486,59170699,DA,59170699,0.3864,887,349,331,887,-123.378284,48.47682,1655823613,1655824611,1655824502,1655824029,7.883333333,14.81666667,-6.933333333
487,487,59170700,DA,59170700,0.2095,536,231,228,536,-123.379395,48.471067,1655823140,1655824508,1655824377,1655823919,7.633333333,20.61666667,-12.98333333
488,488,59170701,DA,59170701,0.2902,547,257,247,547,-123.374792,48.472087,1655823642,1655824580,1655824491,1655823993,8.3,14.15,-5.85
489,489,59170705,DA,59170705,3.6508,962,450,425,962,-123.743614,48.370518,1655818871,1655822201,1655821301,1655816205,84.93333333,40.5,44.43333333
490,490,59170707,DA,59170707,2.2226,398,313,163,398,-123.403353,48.603134,1655821153,1655823828,1655823654,1655821445,36.81666667,41.68333333,-4.866666667
491,491,59170708,DA,59170708,0.4824,900,546,502,900,-123.392808,48.598359,1655820961,1655823775,1655823621,1655821556,34.41666667,44.33333333,-9.916666667
492,492,59170709,DA,59170709,1.328,584,248,167,584,-123.410384,48.588423,1655822191,1655823810,1655823673,1655821590,34.71666667,24.7,10.01666667
493,493,59170710,DA,59170710,8.589,604,273,259,604,-123.382926,48.566823,1655821628,1655823905,1655823735,1655821948,29.78333333,35.11666667,-5.333333333
494,494,59170711,DA,59170711,1.498,1389,535,523,1389,-123.407304,48.571353,1655821898,1655823896,1655823748,1655821681,34.45,30.83333333,3.616666667
495,495,59170712,DA,59170712,2.5273,283,109,108,283,-123.429226,48.571577,1655821330,1655823725,1655823594,1655821344,37.5,37.73333333,-0.233333333
496,496,59170713,DA,59170713,0.8126,956,482,464,956,-123.444013,48.577134,1655820981,1655823666,1655823494,1655820853,44.01666667,41.88333333,2.133333333
497,497,59170715,DA,59170715,3.8125,551,218,208,551,-123.422159,48.558002,1655821147,1655823835,1655823642,1655821749,31.55,41.58333333,-10.03333333
498,498,59170716,DA,59170716,0.1818,403,150,145,403,-123.400185,48.555768,1655822261,1655824083,1655823898,1655822307,26.51666667,27.28333333,-0.766666667
499,499,59170718,DA,59170718,7.3421,377,140,135,377,-123.451102,48.635702,1655820532,1655823470,1655823228,1655819821,56.78333333,44.93333333,11.85
500,500,59170719,DA,59170719,1.3582,422,205,183,422,-123.471273,48.631422,1655819747,1655823259,1655823055,1655819920,52.25,55.13333333,-2.883333333
501,501,59170720,DA,59170720,1.3587,601,255,249,601,-123.46577,48.638304,1655820371,1655823400,1655823153,1655819736,56.95,46.36666667,10.58333333
502,502,59170721,DA,59170721,1.6914,636,261,256,636,-123.438194,48.614461,1655820943,1655823512,1655823348,1655820677,44.51666667,40.08333333,4.433333333
503,503,59170722,DA,59170722,0.1344,1086,675,651,1086,-123.379103,48.431312,1655823420,1655824357,1655824198,1655823127,17.85,12.96666667,4.883333333
504,504,59170723,DA,59170723,0.1519,477,315,296,477,-123.376997,48.430126,1655823317,1655824359,1655824238,1655823175,17.71666667,15.35,2.366666667
505,505,59170725,DA,59170725,1.0922,988,460,431,988,-123.465633,48.56795,1655821249,1655823582,1655823440,1655821202,37.3,36.51666667,0.783333333
506,506,59170726,DA,59170726,1.5274,293,107,105,293,-123.448388,48.560998,1655821486,1655823673,1655823552,1655821336,36.93333333,34.43333333,2.5
507,507,59170728,DA,59170728,5.846,509,237,215,509,-123.450561,48.60576,1655819344,1655823518,1655823282,1655820705,42.95,65.63333333,-22.68333333
508,508,59170729,DA,59170729,2.3405,353,139,134,353,-123.433168,48.601029,1655821534,1655823715,1655823505,1655821155,39.16666667,32.85,6.316666667
509,509,59170730,DA,59170730,4.35,1085,416,405,1085,-123.426447,48.583821,1655821236,1655823783,1655823615,1655821413,36.7,39.65,-2.95
510,510,59170731,DA,59170731,0.6363,484,193,188,484,-123.426031,48.59309,1655821949,1655823762,1655823626,1655821506,35.33333333,27.95,7.383333333
511,511,59170732,DA,59170732,0.0974,261,100,98,261,-123.422254,48.600023,1655821991,1655823662,1655823489,1655821297,36.53333333,24.96666667,11.56666667
512,512,59170733,DA,59170733,0.3685,822,412,406,822,-123.417805,48.597345,1655822424,1655823736,1655823597,1655821351,37.43333333,19.55,17.88333333
513,513,59170734,DA,59170734,0.2033,454,197,192,454,-123.419707,48.591455,1655822287,1655823819,1655823673,1655821613,34.33333333,23.1,11.23333333
514,514,59170735,DA,59170735,0.5927,681,280,243,681,-123.303884,48.466998,1655825002,1655824968,1655824970,1655825223,-4.216666667,-0.533333333,-3.683333333
515,515,59170736,DA,59170736,0.2163,301,130,122,301,-123.301777,48.460059,1655824484,1655825072,1655825056,1655825019,0.616666667,9.533333333,-8.916666667
516,516,59170738,DA,59170738,0.7603,829,351,346,829,-123.342872,48.458692,1655823961,1655824839,1655824825,1655824516,5.15,14.4,-9.25
517,517,59170739,DA,59170739,0.2939,672,273,255,672,-123.34027,48.452346,1655823831,1655824950,1655824900,1655824533,6.116666667,17.81666667,-11.7
518,518,59170741,DA,59170741,0.134,579,227,211,579,-123.384398,48.455417,1655822905,1655824353,1655824253,1655823673,9.666666667,22.46666667,-12.8
519,519,59170742,DA,59170742,0.2616,1364,566,546,1364,-123.381792,48.459081,1655822670,1655824414,1655824368,1655823758,10.16666667,28.3,-18.13333333
520,520,59170743,DA,59170743,0.4274,483,238,227,483,-123.378894,48.452425,1655823262,1655824463,1655824404,1655823711,11.55,19.03333333,-7.483333333
521,521,59170744,DA,59170744,0.0883,507,256,248,507,-123.380594,48.449605,1655823061,1655824414,1655824310,1655823582,12.13333333,20.81666667,-8.683333333
522,522,59170746,DA,59170746,0.1336,393,139,135,393,-123.417118,48.45427,1655822196,1655824341,1655824040,1655823119,15.35,30.73333333,-15.38333333
523,523,59170747,DA,59170747,0.3945,545,243,230,545,-123.411721,48.458594,1655822428,1655824326,1655824057,1655823195,14.36666667,27.15,-12.78333333
524,524,59170748,DA,59170748,0.4647,666,270,265,666,-123.407647,48.46382,1655822610,1655824429,1655824111,1655823256,14.25,25.01666667,-10.76666667
525,525,59170749,DA,59170749,0.3511,441,164,160,441,-123.399254,48.461167,1655822772,1655824445,1655824162,1655823387,12.91666667,23.16666667,-10.25
526,526,59170750,DA,59170750,0.5698,441,191,186,441,-123.394861,48.456239,1655822772,1655824319,1655824078,1655823391,11.45,21.76666667,-10.31666667
527,527,59170751,DA,59170751,0.2271,396,155,149,396,-123.390376,48.461219,1655822636,1655824454,1655824306,1655823597,11.81666667,27.83333333,-16.01666667
528,528,59170753,DA,59170753,1.8671,334,129,125,334,-123.429048,48.476714,1655821818,1655824199,1655823858,1655822664,19.9,34,-14.1
529,529,59170754,DA,59170754,1.6762,354,136,132,354,-123.417884,48.485722,1655823032,1655824180,1655824053,1655822758,21.58333333,17.01666667,4.566666667
530,530,59170755,DA,59170755,0.2653,693,260,253,693,-123.413541,48.47879,1655822883,1655824262,1655824040,1655822981,17.65,19.28333333,-1.633333333
531,531,59170756,DA,59170756,0.3318,771,213,208,771,-123.408778,48.48479,1655822384,1655824323,1655824224,1655822764,24.33333333,30.66666667,-6.333333333
532,532,59170758,DA,59170758,5.0466,657,267,258,657,-123.388408,48.520905,1655822600,1655824281,1655824175,1655822902,21.21666667,26.25,-5.033333333
533,533,59170759,DA,59170759,0.8557,1141,496,482,1141,-123.389734,48.50506,1655823317,1655824260,1655824177,1655823156,17.01666667,14.33333333,2.683333333
534,534,59170760,DA,59170760,0.4201,594,216,209,594,-123.376204,48.510886,1655822880,1655824244,1655824224,1655823414,13.5,22.4,-8.9
535,535,59170761,DA,59170761,0.4945,834,329,318,834,-123.369467,48.511313,1655823207,1655824337,1655824288,1655823476,13.53333333,18.01666667,-4.483333333
536,536,59170762,DA,59170762,1.1705,949,435,428,949,-123.378172,48.505897,1655823056,1655824236,1655824188,1655823226,16.03333333,18.86666667,-2.833333333
537,537,59170763,DA,59170763,0.2675,393,148,143,393,-123.370628,48.499704,1655823983,1655824416,1655824351,1655823632,11.98333333,6.133333333,5.85
538,538,59170764,DA,59170764,0.195,272,123,121,272,-123.367175,48.503145,1655823875,1655824434,1655824382,1655823678,11.73333333,8.45,3.283333333
539,539,59170765,DA,59170765,0.1653,253,94,92,253,-123.363939,48.510425,1655823365,1655824401,1655824378,1655823465,15.21666667,16.88333333,-1.666666667
540,540,59170766,DA,59170766,0.1693,351,166,163,351,-123.363235,48.503935,1655823999,1655824477,1655824434,1655823645,13.15,7.25,5.9
541,541,59170768,DA,59170768,0.2091,500,199,193,500,-123.377646,48.483568,1655823346,1655824566,1655824447,1655823898,9.15,18.35,-9.2
542,542,59170769,DA,59170769,0.2143,388,188,182,388,-123.375538,48.486739,1655823018,1655824427,1655824350,1655823850,8.333333333,22.2,-13.86666667
543,543,59170770,DA,59170770,0.1143,322,130,127,322,-123.371917,48.483933,1655823056,1655824501,1655824396,1655823951,7.416666667,22.33333333,-14.91666667
544,544,59170771,DA,59170771,0.3093,471,191,186,471,-123.369955,48.490133,1655823337,1655824402,1655824327,1655823459,14.46666667,16.5,-2.033333333
545,545,59170772,DA,59170772,0.4206,588,233,232,588,-123.365884,48.497114,1655823958,1655824420,1655824358,1655823652,11.76666667,6.666666667,5.1
546,546,59170773,DA,59170773,2.056,799,280,268,799,-123.358615,48.493553,1655823564,1655824652,1655824622,1655823961,11.01666667,17.63333333,-6.616666667
547,547,59170774,DA,59170774,0.2535,541,201,195,541,-123.371768,48.480312,1655823486,1655824565,1655824480,1655824059,7.016666667,16.56666667,-9.55
548,548,59170776,DA,59170776,0.3115,771,307,293,771,-123.341949,48.475685,1655824040,1655824742,1655824711,1655824580,2.183333333,11.18333333,-9
549,549,59170777,DA,59170777,0.1468,385,150,147,385,-123.361592,48.477267,1655823560,1655824603,1655824523,1655824245,4.633333333,16.05,-11.41666667
550,550,59170778,DA,59170778,2.1657,446,178,167,446,-123.353765,48.476894,1655823993,1655824789,1655824751,1655824371,6.333333333,12.63333333,-6.3
551,551,59170781,DA,59170781,0.0939,312,168,160,312,-123.423216,48.448088,1655822163,1655824102,1655823734,1655822583,19.18333333,26.18333333,-7
552,552,59170783,DA,59170783,0.0528,225,126,119,225,-123.417716,48.446287,1655822238,1655824136,1655823809,1655822611,19.96666667,26.18333333,-6.216666667
553,553,59170784,DA,59170784,0.0442,249,148,137,249,-123.414809,48.446957,1655822666,1655824094,1655823917,1655822772,19.08333333,20.85,-1.766666667
554,554,59170785,DA,59170785,0.2821,412,213,206,412,-123.423414,48.444586,1655821975,1655824141,1655823790,1655822848,15.7,30.25,-14.55
555,555,59170786,DA,59170786,0.1346,5,8,1,5,-123.43281,48.440903,1655821694,1655824067,1655823709,1655822661,17.46666667,33.58333333,-16.11666667
556,556,59170787,DA,59170787,2.667,999,477,437,999,-123.72806,48.357926,1655817855,1655822217,1655821091,1655816137,82.56666667,53.93333333,28.63333333
557,557,59170789,DA,59170789,0.7739,1031,465,437,1031,-123.715024,48.381254,1655819530,1655822557,1655821570,1655816908,77.7,34,43.7
558,558,59170790,DA,59170790,4.3681,2092,840,801,2092,-123.750756,48.383061,1655818159,1655822161,1655821157,1655816102,84.25,49.96666667,34.28333333
559,559,59170792,DA,59170792,10.5525,3523,1336,1301,3523,-123.721387,48.3927,1655818284,1655822425,1655821398,1655816680,78.63333333,51.9,26.73333333
560,560,59170793,DA,59170793,0.5112,546,206,204,546,-123.497903,48.423547,1655820785,1655823646,1655823170,1655821376,29.9,39.75,-9.85
561,561,59170795,DA,59170795,0.7963,1318,512,487,1318,-123.510114,48.420266,1655820419,1655823648,1655823044,1655821193,30.85,43.75,-12.9
562,562,59170796,DA,59170796,0.3987,620,266,260,620,-123.508801,48.412734,1655820603,1655823540,1655823044,1655820932,35.2,40.68333333,-5.483333333
563,563,59170797,DA,59170797,0.8479,1082,413,393,1082,-123.500035,48.413169,1655820654,1655823539,1655823033,1655821194,30.65,39.65,-9
564,564,59170798,DA,59170798,1.6706,833,402,371,833,-123.505112,48.403653,1655820522,1655823472,1655822951,1655820831,35.33333333,40.48333333,-5.15
565,565,59170801,DA,59170801,0.3572,802,296,286,802,-123.484067,48.417745,1655820424,1655823690,1655823197,1655821423,29.56666667,46.21666667,-16.65
566,566,59170802,DA,59170802,0.1392,354,130,126,354,-123.492381,48.418155,1655820906,1655823624,1655823142,1655821384,29.3,37.26666667,-7.966666667
567,567,59170804,DA,59170804,2.1037,2340,937,906,2340,-123.490609,48.410844,1655820086,1655823492,1655822896,1655820922,32.9,46.83333333,-13.93333333
568,568,59170805,DA,59170805,0.3165,884,785,550,884,-123.368882,48.430601,1655823390,1655824439,1655824369,1655823308,17.68333333,16.31666667,1.366666667
569,569,59170806,DA,59170806,0.0513,375,232,224,375,-123.359831,48.432982,1655823415,1655824582,1655824508,1655823732,12.93333333,18.21666667,-5.283333333
570,570,59170807,DA,59170807,0.1144,1355,1001,889,1355,-123.36361,48.430257,1655823589,1655824450,1655824365,1655823598,12.78333333,12.93333333,-0.15
571,571,59170808,DA,59170808,0.0992,277,188,182,277,-123.358004,48.430565,1655823225,1655824580,1655824505,1655823821,11.4,21.33333333,-9.933333333
572,572,59170809,DA,59170809,0.1293,787,486,384,787,-123.36349,48.427443,1655823490,1655824443,1655824362,1655823627,12.25,14.53333333,-2.283333333
573,573,59170810,DA,59170810,0.0383,253,203,191,253,-123.36021,48.428742,1655823323,1655824492,1655824411,1655823550,14.35,18.13333333,-3.783333333
574,574,59170811,DA,59170811,0.3134,666,504,430,666,-123.366777,48.425964,1655823538,1655824311,1655824258,1655823519,12.31666667,12,0.316666667
575,575,59170814,DA,59170814,0.1897,1503,1192,928,1503,-123.363831,48.421317,1655823259,1655824422,1655824363,1655823505,14.3,18.4,-4.1
576,576,59170815,DA,59170815,0.0802,1274,1023,884,1274,-123.360774,48.425424,1655823664,1655824482,1655824429,1655823662,12.78333333,12.75,0.033333333
577,577,59170816,DA,59170816,0.2085,568,233,224,568,-123.390483,48.439048,1655823015,1655824219,1655824058,1655823245,13.55,17.38333333,-3.833333333
578,578,59170817,DA,59170817,0.1179,644,403,383,644,-123.381155,48.4359,1655823157,1655824314,1655824179,1655823332,14.11666667,17.03333333,-2.916666667
579,579,59170819,DA,59170819,0.2537,1788,1214,1075,1788,-123.379431,48.427814,1655823162,1655824170,1655824066,1655822961,18.41666667,15.06666667,3.35
580,580,59170820,DA,59170820,0.0913,621,378,361,621,-123.388462,48.429685,1655823147,1655824252,1655824143,1655822874,21.15,16.6,4.55
