,GeoUID,Type,Region Name,Area (sq km),Population ,Dwellings ,Households ,"v_CA21_1: Population, 2021",X,Y,Transit Time,Car Time,Bike Time
0,59170033,DA,59170033,2.1547,992,477,446,992,-123.412013,48.680406,88.96666666666667,33.833333333333336,101.05
1,59170034,DA,59170034,1.8813,565,229,225,565,-123.427237,48.683293,88.75,34.8,101.71666666666667
2,59170035,DA,59170035,0.1521,526,319,300,526,-123.414981,48.667547,78.15,34.1,93.81666666666666
3,59170036,DA,59170036,0.1837,633,264,255,633,-123.414153,48.665496,75.41666666666667,32.88333333333333,92.35
4,59170037,DA,59170037,0.1411,477,195,187,477,-123.413278,48.662898,75.85,32.833333333333336,91.21666666666667
5,59170038,DA,59170038,0.2167,579,247,239,579,-123.406667,48.660555,75.68333333333334,32.233333333333334,87.21666666666667
6,59170039,DA,59170039,0.1602,555,242,231,555,-123.407243,48.6572,74.1,31.583333333333332,86.25
7,59170040,DA,59170040,0.1458,612,331,311,612,-123.402171,48.655812,71.56666666666666,31.333333333333332,86.08333333333333
8,59170041,DA,59170041,0.1044,672,140,136,672,-123.405629,48.654254,74.91666666666667,31.366666666666667,85.93333333333334
9,59170042,DA,59170042,0.2204,604,346,331,604,-123.405329,48.651411,72.63333333333334,29.75,83.95
10,59170043,DA,59170043,0.1154,657,419,397,657,-123.400585,48.651115,71.58333333333333,30.116666666666667,82.63333333333334
11,59170044,DA,59170044,0.1308,688,510,445,688,-123.396865,48.650501,74.15,30.983333333333334,83.16666666666667
12,59170045,DA,59170045,0.137,471,311,289,471,-123.398351,48.646705,73.45,30.416666666666668,81.28333333333333
13,59170046,DA,59170046,0.2884,534,313,285,534,-123.400177,48.642763,77.78333333333333,28.9,79.06666666666666
14,59170047,DA,59170047,0.4733,821,401,382,821,-123.40368,48.642133,77.2,29.483333333333334,79.73333333333333
15,59170048,DA,59170048,0.6408,298,123,123,298,-123.41053,48.650772,73.75,29.533333333333335,85.95
16,59170049,DA,59170049,0.2074,620,262,253,620,-123.413964,48.642195,66.4,29.266666666666666,79.63333333333334
17,59170051,DA,59170051,0.7642,847,349,327,847,-123.415251,48.632946,64.46666666666667,27.033333333333335,75.36666666666666
18,59170052,DA,59170052,1.6252,780,340,322,780,-123.414571,48.623898,70.7,28.516666666666666,77.2
19,59170053,DA,59170053,0.5586,576,208,204,576,-123.409379,48.614298,84.9,26.016666666666666,70.06666666666666
20,59170054,DA,59170054,0.4792,627,225,222,627,-123.423579,48.614778,91.4,28.55,74.48333333333333
21,59170055,DA,59170055,0.3249,419,183,179,419,-123.429961,48.614944,102.9,29.85,78.53333333333333
22,59170056,DA,59170056,2.0028,791,314,310,791,-123.43211,48.62356,102.71666666666667,29.916666666666668,77.85
23,59170063,DA,59170063,0.2873,499,297,287,499,-123.401797,48.589668,71.11666666666666,24.683333333333334,62.5
24,59170066,DA,59170066,2.3166,1291,711,656,1291,-123.388335,48.588432,69.13333333333334,25.916666666666668,63.35
25,59170070,DA,59170070,0.2559,577,223,214,577,-123.399622,48.56266,82.58333333333333,21.116666666666667,54.53333333333333
26,59170071,DA,59170071,0.3143,723,301,294,723,-123.397472,48.558075,78.4,20.466666666666665,51.35
27,59170072,DA,59170072,0.4229,830,307,288,830,-123.397472,48.552529,76.43333333333334,20.383333333333333,50.43333333333333
28,59170074,DA,59170074,1.4241,538,201,191,538,-123.385132,48.538821,51.38333333333333,17.65,41.71666666666667
29,59170075,DA,59170075,3.0369,563,264,252,563,-123.371573,48.538912,56.68333333333333,18.033333333333335,43.13333333333333
30,59170076,DA,59170076,0.9129,1483,650,624,1483,-123.377501,48.523664,68.16666666666667,17.933333333333334,39.55
31,59170077,DA,59170077,0.6082,779,299,288,779,-123.381907,48.522919,65.8,17.066666666666666,37.833333333333336
32,59170079,DA,59170079,0.4405,636,229,223,636,-123.377832,48.516475,56.55,15.916666666666666,34.983333333333334
33,59170081,DA,59170081,0.2718,526,236,219,526,-123.366407,48.517787,45.3,13.516666666666667,34.31666666666667
34,59170082,DA,59170082,0.3294,675,331,324,675,-123.369823,48.523219,48.21666666666667,14.85,37.18333333333333
35,59170084,DA,59170084,0.5198,672,273,259,672,-123.353686,48.506333,37.166666666666664,11.833333333333334,27.1
36,59170085,DA,59170085,0.2832,688,260,257,688,-123.358613,48.505147,37.416666666666664,12.366666666666667,29.283333333333335
37,59170094,DA,59170094,0.9114,746,397,389,746,-123.379129,48.492219,50.766666666666666,13.833333333333334,33.63333333333333
38,59170095,DA,59170095,0.3813,1312,709,679,1312,-123.390904,48.495617,42.81666666666667,15.916666666666666,37.766666666666666
39,59170096,DA,59170096,0.4549,968,434,423,968,-123.389859,48.489123,46.75,13.233333333333333,36.96666666666667
40,59170097,DA,59170097,0.2218,624,228,221,624,-123.395557,48.492634,49.31666666666667,16.383333333333333,35.25
41,59170098,DA,59170098,2.2321,459,170,166,459,-123.409709,48.502031,48.483333333333334,17.45,41.38333333333333
42,59170100,DA,59170100,0.2577,630,221,215,630,-123.399901,48.486001,56.15,15.4,33.43333333333333
43,59170101,DA,59170101,0.3993,970,351,340,970,-123.40305,48.481535,57.833333333333336,16.2,41.2
44,59170102,DA,59170102,0.3608,800,300,290,800,-123.395961,48.478797,52.11666666666667,15.316666666666666,32.166666666666664
45,59170103,DA,59170103,0.3787,871,307,301,871,-123.395715,48.485992,52.68333333333333,14.283333333333333,33.13333333333333
46,59170104,DA,59170104,0.2392,280,114,110,280,-123.389512,48.486164,52.1,13.9,33.583333333333336
47,59170105,DA,59170105,0.2379,625,228,220,625,-123.383647,48.483816,44.583333333333336,12.533333333333333,28.816666666666666
48,59170106,DA,59170106,0.2064,621,228,218,621,-123.381798,48.480204,44.05,12.2,26.766666666666666
49,59170111,DA,59170111,0.2146,450,164,158,450,-123.370731,48.478207,42.05,11.633333333333333,21.45
50,59170112,DA,59170112,0.151,445,178,166,445,-123.369493,48.475018,33.68333333333333,9.65,20.583333333333332
51,59170113,DA,59170113,0.1851,476,218,210,476,-123.365089,48.472467,29.633333333333333,10.016666666666667,19.433333333333334
52,59170114,DA,59170114,0.141,1163,675,646,1163,-123.368985,48.470746,29.916666666666668,10.416666666666666,20.016666666666666
53,59170115,DA,59170115,0.1814,655,344,321,655,-123.365643,48.468319,33.233333333333334,11.35,21.333333333333332
54,59170116,DA,59170116,0.2352,464,219,210,464,-123.36389,48.464715,34.25,10.25,20.883333333333333
55,59170117,DA,59170117,0.1121,400,224,216,400,-123.363114,48.461964,35.75,10.5,23.466666666666665
56,59170118,DA,59170118,0.1917,573,244,227,573,-123.360274,48.458944,39.53333333333333,9.733333333333333,20.366666666666667
57,59170119,DA,59170119,0.1609,521,225,215,521,-123.36641,48.458455,33.733333333333334,12.4,24.0
58,59170120,DA,59170120,0.1102,533,245,234,533,-123.367232,48.455277,37.6,12.116666666666667,27.25
59,59170121,DA,59170121,0.1355,528,232,220,528,-123.362544,48.455639,40.766666666666666,11.233333333333333,26.016666666666666
60,59170122,DA,59170122,0.0894,1091,655,633,1091,-123.362122,48.453407,40.31666666666667,12.516666666666667,24.133333333333333
61,59170123,DA,59170123,0.1066,499,307,301,499,-123.360078,48.451262,37.3,12.566666666666666,23.116666666666667
62,59170124,DA,59170124,0.0531,685,447,432,685,-123.362457,48.450407,41.55,12.766666666666667,31.366666666666667
63,59170125,DA,59170125,0.115,820,454,440,820,-123.365692,48.450286,41.03333333333333,13.066666666666666,31.083333333333332
64,59170126,DA,59170126,0.142,583,247,239,583,-123.361969,48.447695,37.0,11.683333333333334,24.15
65,59170127,DA,59170127,0.5252,673,331,309,673,-123.362337,48.444912,36.63333333333333,12.366666666666667,24.95
66,59170128,DA,59170128,0.2309,552,249,238,552,-123.354123,48.446155,35.1,10.516666666666667,24.5
67,59170129,DA,59170129,0.1498,534,257,243,534,-123.353836,48.448468,41.36666666666667,10.916666666666666,22.566666666666666
68,59170130,DA,59170130,0.1691,778,358,340,778,-123.34706,48.447154,32.6,9.816666666666666,19.8
69,59170131,DA,59170131,0.1605,650,282,274,650,-123.343185,48.446459,30.033333333333335,9.833333333333334,18.166666666666668
70,59170132,DA,59170132,0.1058,517,271,243,517,-123.347581,48.442504,28.433333333333334,10.483333333333333,18.65
71,59170133,DA,59170133,0.087,703,295,278,703,-123.344368,48.442426,27.633333333333333,10.75,17.883333333333333
72,59170134,DA,59170134,0.1186,662,284,271,662,-123.349596,48.43971,32.166666666666664,12.75,19.316666666666666
73,59170135,DA,59170135,0.1473,500,215,209,500,-123.342272,48.439048,30.166666666666668,11.5,18.566666666666666
74,59170136,DA,59170136,0.1132,517,239,229,517,-123.346767,48.43668,32.166666666666664,11.783333333333333,19.9
75,59170137,DA,59170137,0.1183,493,217,202,493,-123.34292,48.436014,34.46666666666667,12.133333333333333,19.5
76,59170138,DA,59170138,0.1188,476,200,181,476,-123.339382,48.436585,33.11666666666667,11.666666666666666,18.75
77,59170139,DA,59170139,0.0989,553,233,228,553,-123.341048,48.432858,32.916666666666664,12.916666666666666,22.1
78,59170140,DA,59170140,0.0964,541,248,233,541,-123.343846,48.431582,34.016666666666666,13.4,23.1
79,59170141,DA,59170141,0.0757,615,332,317,615,-123.346778,48.433297,37.55,12.95,23.166666666666668
80,59170142,DA,59170142,0.1145,583,322,305,583,-123.350238,48.433214,37.88333333333333,12.983333333333333,25.2
81,59170143,DA,59170143,0.1778,463,234,209,463,-123.349891,48.430011,37.75,13.566666666666666,24.833333333333332
82,59170144,DA,59170144,0.1527,670,387,368,670,-123.354748,48.4319,38.61666666666667,13.2,26.066666666666666
83,59170145,DA,59170145,0.0657,417,236,214,417,-123.3553,48.434434,34.81666666666667,12.766666666666667,25.3
84,59170146,DA,59170146,0.0977,652,358,340,652,-123.356286,48.43647,31.483333333333334,13.2,22.216666666666665
85,59170147,DA,59170147,0.0421,447,303,287,447,-123.358965,48.435797,33.53333333333333,13.75,23.35
86,59170148,DA,59170148,0.0567,401,242,231,401,-123.360437,48.435831,35.016666666666666,13.516666666666667,26.85
87,59170149,DA,59170149,0.0841,671,225,218,671,-123.361729,48.437435,31.583333333333332,13.9,23.416666666666668
88,59170150,DA,59170150,0.2251,753,309,245,753,-123.364617,48.438893,31.216666666666665,14.05,25.733333333333334
89,59170151,DA,59170151,0.1057,585,331,314,585,-123.36155,48.440671,35.45,13.183333333333334,24.933333333333334
90,59170152,DA,59170152,0.0527,534,250,231,534,-123.358689,48.440958,29.266666666666666,12.483333333333333,22.483333333333334
91,59170153,DA,59170153,0.0657,740,436,424,740,-123.356403,48.438796,27.866666666666667,11.916666666666666,21.2
92,59170154,DA,59170154,0.1353,560,262,247,560,-123.356338,48.442266,30.466666666666665,11.766666666666667,21.716666666666665
93,59170155,DA,59170155,0.0974,649,359,341,649,-123.352915,48.438197,29.65,12.2,21.566666666666666
94,59170156,DA,59170156,0.1436,609,314,300,609,-123.351449,48.442667,30.15,10.9,20.566666666666666
95,59170157,DA,59170157,0.1059,480,217,209,480,-123.350538,48.436556,33.6,11.716666666666667,21.5
96,59170161,DA,59170161,0.0401,631,437,419,631,-123.359216,48.429511,35.3,14.45,27.233333333333334
97,59170162,DA,59170162,0.104,827,565,533,827,-123.355059,48.42841,34.15,14.966666666666667,27.116666666666667
98,59170163,DA,59170163,0.0789,1071,877,678,1071,-123.357863,48.42571,31.233333333333334,16.65,29.7
99,59170164,DA,59170164,0.0816,1404,1011,912,1404,-123.355074,48.425295,29.416666666666668,16.083333333333332,28.55
100,59170165,DA,59170165,0.0594,527,347,336,527,-123.351726,48.424039,28.533333333333335,14.883333333333333,25.766666666666666
101,59170166,DA,59170166,0.0766,593,461,355,593,-123.350966,48.425549,31.516666666666666,13.95,25.466666666666665
102,59170167,DA,59170167,0.0458,493,280,273,493,-123.351701,48.428013,33.55,14.816666666666666,26.5
103,59170168,DA,59170168,0.0446,479,293,286,479,-123.348698,48.427231,32.666666666666664,14.75,28.133333333333333
104,59170169,DA,59170169,0.0606,508,262,246,508,-123.347638,48.427971,33.06666666666667,14.45,25.0
105,59170170,DA,59170170,0.0969,523,324,311,523,-123.348965,48.425923,30.9,13.683333333333334,24.816666666666666
106,59170171,DA,59170171,0.0562,760,505,481,760,-123.344016,48.425508,28.483333333333334,12.95,22.983333333333334
107,59170172,DA,59170172,0.0489,589,379,363,589,-123.340699,48.425915,29.4,13.183333333333334,22.166666666666668
108,59170174,DA,59170174,0.1129,520,264,246,520,-123.342582,48.428316,30.316666666666666,12.966666666666667,24.2
109,59170175,DA,59170175,0.1413,530,266,251,530,-123.33886,48.430502,29.183333333333334,12.833333333333334,22.383333333333333
110,59170177,DA,59170177,0.0396,539,381,365,539,-123.33277,48.427394,26.866666666666667,11.966666666666667,19.966666666666665
111,59170178,DA,59170178,0.0429,590,392,378,590,-123.3304,48.42741,22.85,11.516666666666667,19.333333333333332
112,59170179,DA,59170179,0.0904,624,391,364,624,-123.33222,48.429392,22.466666666666665,12.1,19.733333333333334
113,59170180,DA,59170180,0.112,524,292,278,524,-123.327113,48.429195,24.666666666666668,10.95,18.583333333333332
114,59170181,DA,59170181,0.1441,532,271,256,532,-123.324156,48.429062,23.95,10.683333333333334,18.333333333333332
115,59170182,DA,59170182,0.0893,431,216,207,431,-123.320728,48.427609,26.633333333333333,11.0,18.916666666666668
116,59170184,DA,59170184,0.123,606,320,305,606,-123.319136,48.433971,22.483333333333334,9.416666666666666,16.683333333333334
117,59170185,DA,59170185,0.1544,659,305,296,659,-123.318353,48.436382,23.433333333333334,9.716666666666667,16.016666666666666
118,59170186,DA,59170186,0.1209,416,176,171,416,-123.313332,48.437021,26.466666666666665,7.366666666666666,17.483333333333334
119,59170187,DA,59170187,0.1243,507,257,241,507,-123.313938,48.434518,26.716666666666665,9.383333333333333,17.95
120,59170189,DA,59170189,0.1306,350,139,131,350,-123.309758,48.433077,29.35,8.733333333333333,19.8
121,59170190,DA,59170190,0.2498,614,266,254,614,-123.312065,48.428916,32.88333333333333,10.016666666666667,20.466666666666665
122,59170191,DA,59170191,0.1955,345,156,153,345,-123.307305,48.430708,33.5,9.5,21.016666666666666
123,59170192,DA,59170192,0.1199,615,402,378,615,-123.308689,48.424843,38.2,11.15,23.25
124,59170193,DA,59170193,0.257,486,204,197,486,-123.309324,48.421883,38.9,12.016666666666667,24.15
125,59170194,DA,59170194,0.1919,540,249,239,540,-123.315036,48.422789,32.6,11.616666666666667,22.8
126,59170195,DA,59170195,0.139,543,337,320,543,-123.318267,48.424784,26.2,11.266666666666667,20.416666666666668
127,59170196,DA,59170196,0.1806,528,290,281,528,-123.321121,48.42361,24.516666666666666,11.616666666666667,19.983333333333334
128,59170197,DA,59170197,0.1737,581,251,238,581,-123.326337,48.422734,30.516666666666666,13.666666666666666,21.216666666666665
129,59170198,DA,59170198,0.1367,698,373,360,698,-123.326615,48.425354,28.966666666666665,12.166666666666666,20.416666666666668
130,59170199,DA,59170199,0.1592,567,324,307,567,-123.332498,48.424729,27.75,12.966666666666667,21.083333333333332
131,59170200,DA,59170200,0.2779,638,266,255,638,-123.328202,48.41937,29.316666666666666,13.316666666666666,23.233333333333334
132,59170201,DA,59170201,0.2416,510,241,232,510,-123.334627,48.419138,34.15,15.166666666666666,23.033333333333335
133,59170202,DA,59170202,0.1214,469,139,134,469,-123.334144,48.415597,31.45,14.933333333333334,24.9
134,59170203,DA,59170203,0.1879,672,301,291,672,-123.333091,48.412742,29.1,15.45,26.266666666666666
135,59170204,DA,59170204,0.3272,768,337,324,768,-123.327255,48.414666,28.05,14.166666666666666,24.316666666666666
136,59170205,DA,59170205,0.3014,518,212,209,518,-123.321253,48.412644,34.96666666666667,16.05,25.933333333333334
137,59170206,DA,59170206,0.2145,441,178,173,441,-123.320297,48.417918,30.916666666666668,13.233333333333333,23.016666666666666
138,59170207,DA,59170207,0.162,425,170,162,425,-123.315792,48.414654,37.31666666666667,13.716666666666667,24.5
139,59170208,DA,59170208,0.1842,499,200,194,499,-123.315002,48.418651,34.86666666666667,12.533333333333333,24.183333333333334
140,59170209,DA,59170209,0.184,485,198,195,485,-123.310998,48.416368,39.733333333333334,13.5,25.6
141,59170210,DA,59170210,0.183,517,216,209,517,-123.306453,48.418346,42.983333333333334,13.7,25.966666666666665
142,59170211,DA,59170211,0.8728,508,293,266,508,-123.301769,48.415231,47.68333333333333,13.65,26.616666666666667
143,59170212,DA,59170212,0.1568,511,340,302,511,-123.30349,48.422784,45.56666666666667,12.05,25.45
144,59170214,DA,59170214,1.0236,549,235,222,549,-123.297164,48.440782,40.8,7.716666666666667,19.1
145,59170215,DA,59170215,0.1709,436,184,180,436,-123.304838,48.438664,36.13333333333333,8.666666666666666,17.566666666666666
146,59170216,DA,59170216,0.1816,508,252,238,508,-123.305914,48.434921,33.28333333333333,9.016666666666667,20.066666666666666
147,59170217,DA,59170217,0.2037,540,206,200,540,-123.309403,48.440325,28.55,7.233333333333333,16.916666666666668
148,59170218,DA,59170218,0.2216,530,202,196,530,-123.317243,48.439765,21.383333333333333,8.066666666666666,14.933333333333334
149,59170219,DA,59170219,0.2269,525,194,190,525,-123.315205,48.443139,25.05,7.3,13.983333333333333
150,59170220,DA,59170220,0.2253,481,186,175,481,-123.319872,48.444791,19.6,7.25,11.55
151,59170221,DA,59170221,0.1725,574,234,226,574,-123.324445,48.443944,20.616666666666667,8.35,12.433333333333334
152,59170222,DA,59170222,0.2043,728,308,292,728,-123.325579,48.439735,22.666666666666668,9.516666666666667,15.183333333333334
153,59170223,DA,59170223,0.3143,944,379,364,944,-123.330015,48.44141,26.1,9.716666666666667,15.816666666666666
154,59170224,DA,59170224,0.0925,506,262,247,506,-123.330919,48.438046,24.866666666666667,10.5,17.716666666666665
155,59170225,DA,59170225,0.1329,488,189,179,488,-123.334186,48.442259,26.5,9.383333333333333,17.8
156,59170226,DA,59170226,0.1579,589,248,240,589,-123.335437,48.437391,30.2,10.483333333333333,17.616666666666667
157,59170227,DA,59170227,0.1632,778,436,415,778,-123.338744,48.443101,22.283333333333335,9.45,15.466666666666667
158,59170228,DA,59170228,0.0955,339,155,146,339,-123.34205,48.441322,25.3,10.433333333333334,16.816666666666666
159,59170229,DA,59170229,0.2325,445,218,215,445,-123.335467,48.446279,26.316666666666666,9.4,15.9
160,59170230,DA,59170230,0.1205,622,293,282,622,-123.339429,48.449372,31.033333333333335,8.916666666666666,17.383333333333333
161,59170231,DA,59170231,0.1148,402,213,201,402,-123.334983,48.449851,27.4,7.75,14.633333333333333
162,59170233,DA,59170233,0.2838,651,263,254,651,-123.335978,48.455572,26.466666666666665,6.95,12.716666666666667
163,59170234,DA,59170234,0.2276,690,296,281,690,-123.330662,48.454062,22.883333333333333,7.083333333333333,12.466666666666667
164,59170235,DA,59170235,0.1394,748,462,427,748,-123.329766,48.45919,16.7,5.5,8.866666666666667
165,59170236,DA,59170236,0.3916,533,268,256,533,-123.325868,48.456419,22.65,6.3,7.966666666666667
166,59170237,DA,59170237,0.183,606,307,288,606,-123.33002,48.461959,21.15,5.616666666666666,7.483333333333333
167,59170238,DA,59170238,0.1481,593,272,253,593,-123.327995,48.463841,23.666666666666668,5.283333333333333,7.116666666666666
168,59170239,DA,59170239,0.1593,578,259,247,578,-123.329297,48.466557,22.233333333333334,6.2,7.75
169,59170240,DA,59170240,0.1083,697,344,325,697,-123.328125,48.467945,15.566666666666666,4.016666666666667,7.183333333333334
170,59170241,DA,59170241,0.1794,723,270,252,723,-123.32637,48.470295,21.033333333333335,5.133333333333334,9.166666666666666
171,59170242,DA,59170242,0.236,962,383,355,962,-123.332174,48.471191,21.466666666666665,4.833333333333333,8.9
172,59170243,DA,59170243,0.1655,596,223,211,596,-123.329667,48.474605,26.083333333333332,5.3,9.8
173,59170244,DA,59170244,0.1472,807,242,235,807,-123.322207,48.473995,20.8,5.0,8.15
174,59170245,DA,59170245,0.2451,923,369,342,923,-123.321791,48.471286,21.166666666666668,4.55,8.083333333333334
175,59170246,DA,59170246,0.1982,682,261,243,682,-123.316919,48.474136,???,4.35,5.45
176,59170247,DA,59170247,0.1518,414,156,149,414,-123.319311,48.477186,27.95,5.616666666666666,7.383333333333334
177,59170248,DA,59170248,0.2178,485,183,175,485,-123.31188,48.478512,22.983333333333334,5.833333333333333,7.016666666666667
178,59170249,DA,59170249,0.2227,611,224,217,611,-123.319087,48.480496,21.2,6.083333333333333,10.016666666666667
179,59170250,DA,59170250,0.1848,468,177,167,468,-123.316444,48.482657,19.85,5.683333333333334,9.333333333333334
180,59170251,DA,59170251,0.171,493,177,165,493,-123.316324,48.486047,27.866666666666667,7.266666666666667,11.116666666666667
181,59170252,DA,59170252,0.3621,1101,407,383,1101,-123.322265,48.485944,24.3,7.133333333333334,11.95
182,59170253,DA,59170253,0.1982,416,142,137,416,-123.316491,48.489618,30.2,7.033333333333333,14.433333333333334
183,59170254,DA,59170254,0.2515,446,181,174,446,-123.309695,48.489819,32.36666666666667,6.283333333333333,14.216666666666667
184,59170255,DA,59170255,0.2508,410,162,157,410,-123.310717,48.485239,25.033333333333335,6.366666666666666,10.45
185,59170256,DA,59170256,0.5292,674,266,253,674,-123.305734,48.488499,32.333333333333336,6.0,13.983333333333333
186,59170257,DA,59170257,0.5651,768,304,292,768,-123.305377,48.479749,22.666666666666668,5.016666666666667,10.75
187,59170258,DA,59170258,0.3055,751,300,294,751,-123.308701,48.474881,19.816666666666666,4.933333333333334,5.333333333333333
188,59170259,DA,59170259,0.1815,434,166,154,434,-123.307523,48.47155,???,3.2333333333333334,3.2666666666666666
189,59170260,DA,59170260,0.6647,635,242,231,635,-123.312415,48.470091,???,4.7,5.0
190,59170262,DA,59170262,0.3476,612,270,259,612,-123.296657,48.464035,27.116666666666667,3.6166666666666667,8.7
191,59170263,DA,59170263,0.3876,496,234,217,496,-123.295471,48.459257,33.71666666666667,5.2,10.983333333333333
192,59170264,DA,59170264,0.5464,641,249,243,641,-123.288825,48.463781,26.733333333333334,5.166666666666667,11.833333333333334
193,59170265,DA,59170265,0.3099,448,175,171,448,-123.284694,48.459329,27.85,5.383333333333334,12.933333333333334
194,59170266,DA,59170266,0.5097,518,264,254,518,-123.277285,48.460636,39.1,7.25,15.833333333333334
195,59170267,DA,59170267,0.509,367,154,149,367,-123.278687,48.452707,40.333333333333336,6.75,16.433333333333334
196,59170268,DA,59170268,0.3078,243,99,97,243,-123.274285,48.454958,42.5,7.266666666666667,16.933333333333334
197,59170270,DA,59170270,0.4053,579,257,242,579,-123.31733,48.411366,39.6,14.9,25.916666666666668
198,59170271,DA,59170271,0.6912,253,99,96,253,-123.294611,48.471418,28.7,4.733333333333333,9.916666666666666
199,59170272,DA,59170272,0.3641,722,398,367,722,-123.33568,48.410431,32.833333333333336,16.05,27.583333333333332
200,59170273,DA,59170273,0.193,585,268,248,585,-123.341728,48.414259,33.96666666666667,16.383333333333333,26.683333333333334
201,59170274,DA,59170274,0.2333,624,336,312,624,-123.346519,48.413447,32.05,16.583333333333332,29.333333333333332
202,59170275,DA,59170275,0.3104,517,243,230,517,-123.342544,48.416993,38.85,16.066666666666666,27.066666666666666
203,59170276,DA,59170276,0.1192,514,269,259,514,-123.349427,48.418529,35.0,15.266666666666667,27.066666666666666
204,59170277,DA,59170277,0.1274,406,210,202,406,-123.345385,48.421138,30.55,14.883333333333333,25.016666666666666
205,59170278,DA,59170278,0.0809,534,374,349,534,-123.350011,48.422433,31.15,14.233333333333333,25.133333333333333
206,59170279,DA,59170279,0.0415,453,330,312,453,-123.352681,48.421789,28.95,14.8,26.15
207,59170280,DA,59170280,0.0668,613,395,365,613,-123.354232,48.420229,30.35,15.666666666666666,26.983333333333334
208,59170281,DA,59170281,0.0718,889,658,617,889,-123.355869,48.422014,28.8,15.733333333333333,27.25
209,59170282,DA,59170282,0.1096,614,443,419,614,-123.359038,48.421335,31.8,16.566666666666666,27.983333333333334
210,59170285,DA,59170285,0.059,628,443,416,628,-123.356685,48.41866,36.266666666666666,16.266666666666666,28.4
211,59170286,DA,59170286,0.0583,573,384,371,573,-123.357793,48.416398,38.46666666666667,16.983333333333334,30.25
212,59170287,DA,59170287,0.0527,535,362,344,535,-123.354033,48.416668,34.13333333333333,16.866666666666667,29.183333333333334
213,59170288,DA,59170288,0.0812,631,409,388,631,-123.352153,48.41501,35.3,16.383333333333333,29.35
214,59170289,DA,59170289,0.086,563,353,337,563,-123.352802,48.41831,33.483333333333334,16.033333333333335,27.483333333333334
215,59170290,DA,59170290,0.1119,614,357,337,614,-123.356076,48.413322,41.21666666666667,18.316666666666666,30.85
216,59170291,DA,59170291,0.1206,532,257,239,532,-123.351162,48.412273,38.483333333333334,17.766666666666666,30.733333333333334
217,59170292,DA,59170292,0.1274,523,243,227,523,-123.355069,48.410263,40.8,17.883333333333333,31.216666666666665
218,59170293,DA,59170293,0.1557,508,254,243,508,-123.353288,48.408274,41.88333333333333,18.266666666666666,31.7
219,59170294,DA,59170294,0.1483,586,296,273,586,-123.348549,48.40904,38.28333333333333,17.533333333333335,31.133333333333333
220,59170295,DA,59170295,0.8021,670,497,469,670,-123.359214,48.414756,40.6,17.866666666666667,31.2
221,59170296,DA,59170296,0.0561,727,510,467,727,-123.367507,48.41454,38.25,19.666666666666668,36.03333333333333
222,59170297,DA,59170297,0.0389,539,420,369,539,-123.367143,48.416558,39.7,19.066666666666666,34.983333333333334
223,59170298,DA,59170298,0.2941,1021,598,560,1021,-123.370185,48.418392,40.666666666666664,19.083333333333332,35.416666666666664
224,59170299,DA,59170299,0.055,464,276,256,464,-123.370903,48.414813,42.28333333333333,20.566666666666666,36.266666666666666
225,59170300,DA,59170300,0.092,526,334,309,526,-123.372453,48.413486,42.233333333333334,20.716666666666665,36.3
226,59170301,DA,59170301,0.0293,412,286,278,412,-123.37471,48.412744,43.75,22.083333333333332,37.6
227,59170302,DA,59170302,0.1088,571,304,288,571,-123.375281,48.411758,44.31666666666667,22.1,37.4
228,59170303,DA,59170303,0.096,669,409,393,669,-123.378123,48.413794,44.983333333333334,22.583333333333332,38.18333333333333
229,59170304,DA,59170304,0.0314,541,330,316,541,-123.375576,48.414978,42.7,20.8,36.516666666666666
230,59170305,DA,59170305,0.0568,674,449,437,674,-123.377722,48.41604,46.95,21.816666666666666,37.53333333333333
231,59170308,DA,59170308,0.0387,511,357,329,511,-123.37464,48.418323,45.1,20.916666666666668,36.38333333333333
232,59170309,DA,59170309,0.076,734,413,398,734,-123.379103,48.419122,46.583333333333336,21.116666666666667,37.1
233,59170310,DA,59170310,0.0563,325,167,157,325,-123.381186,48.42057,48.63333333333333,21.583333333333332,37.56666666666667
234,59170311,DA,59170311,0.2083,1188,828,720,1188,-123.377526,48.421707,47.833333333333336,20.05,36.18333333333333
235,59170312,DA,59170312,0.3174,833,426,399,833,-123.384376,48.419053,48.81666666666667,22.333333333333332,38.56666666666667
236,59170313,DA,59170313,0.1557,622,354,344,622,-123.382517,48.416535,49.56666666666667,22.166666666666668,38.13333333333333
237,59170314,DA,59170314,0.2062,788,479,461,788,-123.396659,48.428627,44.0,21.883333333333333,48.4
238,59170315,DA,59170315,0.2367,426,190,181,426,-123.402802,48.42472,44.86666666666667,23.516666666666666,46.733333333333334
239,59170316,DA,59170316,0.1057,509,272,260,509,-123.401736,48.428478,41.483333333333334,22.7,44.8
240,59170317,DA,59170317,0.1064,811,526,509,811,-123.403086,48.431099,42.88333333333333,22.0,41.46666666666667
241,59170318,DA,59170318,0.1773,555,299,288,555,-123.406745,48.428494,41.93333333333333,22.016666666666666,45.9
242,59170319,DA,59170319,0.1546,720,431,422,720,-123.40888,48.431102,42.266666666666666,22.133333333333333,46.86666666666667
243,59170320,DA,59170320,0.2151,529,275,268,529,-123.406903,48.434328,48.28333333333333,21.166666666666668,42.233333333333334
244,59170321,DA,59170321,0.1864,568,236,229,568,-123.415918,48.434127,48.516666666666666,22.383333333333333,47.416666666666664
245,59170322,DA,59170322,0.2002,477,189,186,477,-123.410142,48.436563,55.583333333333336,20.533333333333335,42.516666666666666
246,59170323,DA,59170323,0.5805,332,219,201,332,-123.422839,48.431629,49.983333333333334,23.083333333333332,47.9
247,59170324,DA,59170324,0.0885,593,308,295,593,-123.416414,48.431338,45.0,21.916666666666668,46.583333333333336
248,59170325,DA,59170325,0.1057,610,407,350,610,-123.417083,48.429132,43.6,22.533333333333335,48.4
249,59170326,DA,59170326,0.1673,592,253,240,592,-123.414281,48.426524,47.75,23.666666666666668,47.88333333333333
250,59170327,DA,59170327,0.1091,529,245,238,529,-123.40786,48.426073,45.333333333333336,22.633333333333333,46.666666666666664
251,59170328,DA,59170328,0.3142,601,259,249,601,-123.410161,48.423078,51.833333333333336,23.55,49.25
252,59170331,DA,59170331,0.4687,745,401,390,745,-123.432327,48.446976,66.83333333333333,19.6,42.78333333333333
253,59170332,DA,59170332,0.2165,120,41,39,120,-123.429066,48.444088,61.666666666666664,19.283333333333335,42.86666666666667
254,59170335,DA,59170335,0.1023,636,328,313,636,-123.422414,48.449332,64.16666666666667,21.05,46.75
255,59170336,DA,59170336,0.543,1190,510,493,1190,-123.404363,48.444978,50.333333333333336,19.2,40.733333333333334
256,59170337,DA,59170337,0.2282,526,235,219,526,-123.407246,48.451123,53.06666666666667,17.816666666666666,36.016666666666666
257,59170338,DA,59170338,0.2314,653,265,259,653,-123.412285,48.453471,56.0,17.25,37.38333333333333
258,59170339,DA,59170339,0.2041,476,216,210,476,-123.408493,48.456076,50.45,17.216666666666665,35.766666666666666
259,59170343,DA,59170343,0.2118,490,208,203,490,-123.404416,48.46643,48.15,15.466666666666667,35.63333333333333
260,59170344,DA,59170344,0.2217,467,178,172,467,-123.397304,48.467764,46.916666666666664,15.083333333333334,36.28333333333333
261,59170345,DA,59170345,0.286,455,186,179,455,-123.405421,48.469712,59.63333333333333,16.216666666666665,36.25
262,59170346,DA,59170346,0.6195,455,201,198,455,-123.403761,48.476396,62.516666666666666,17.633333333333333,38.71666666666667
263,59170347,DA,59170347,0.2091,556,203,197,556,-123.394222,48.475406,52.983333333333334,14.5,30.6
264,59170348,DA,59170348,0.1793,575,220,215,575,-123.393601,48.472417,46.63333333333333,14.116666666666667,30.55
265,59170349,DA,59170349,0.4945,961,352,344,961,-123.386172,48.471993,???,14.15,29.083333333333332
266,59170350,DA,59170350,0.1226,445,161,160,445,-123.388193,48.476234,50.766666666666666,14.466666666666667,30.466666666666665
267,59170351,DA,59170351,0.2091,527,198,193,527,-123.391584,48.468329,41.18333333333333,13.233333333333333,28.05
268,59170352,DA,59170352,0.3454,907,380,358,907,-123.385067,48.46718,36.65,11.516666666666667,24.45
269,59170353,DA,59170353,0.1926,921,372,362,921,-123.389756,48.464244,42.18333333333333,15.033333333333333,31.283333333333335
270,59170354,DA,59170354,0.0948,317,136,132,317,-123.393817,48.466121,39.28333333333333,12.966666666666667,26.633333333333333
271,59170357,DA,59170357,0.167,518,221,208,518,-123.389412,48.456089,48.03333333333333,15.633333333333333,28.85
272,59170359,DA,59170359,0.1171,465,176,170,465,-123.387911,48.45289,41.8,17.45,29.4
273,59170360,DA,59170360,0.1626,571,235,225,571,-123.383554,48.451257,39.0,15.2,29.033333333333335
274,59170361,DA,59170361,0.1707,829,405,383,829,-123.392207,48.451721,42.4,17.1,30.816666666666666
275,59170362,DA,59170362,0.177,662,313,303,662,-123.389079,48.448153,42.45,16.95,31.466666666666665
276,59170363,DA,59170363,0.1802,748,359,346,748,-123.395852,48.449071,45.21666666666667,17.266666666666666,32.38333333333333
277,59170364,DA,59170364,0.1044,688,357,346,688,-123.391863,48.445857,50.7,18.1,33.1
278,59170365,DA,59170365,0.1066,499,314,306,499,-123.392939,48.44455,51.63333333333333,18.233333333333334,35.3
279,59170366,DA,59170366,0.1287,755,354,345,755,-123.399513,48.445246,46.733333333333334,18.533333333333335,36.56666666666667
280,59170367,DA,59170367,0.0557,674,361,351,674,-123.395714,48.440999,54.4,19.233333333333334,37.55
281,59170368,DA,59170368,0.1354,605,354,295,605,-123.399611,48.440669,49.75,18.833333333333332,39.2
282,59170369,DA,59170369,0.1752,512,242,232,512,-123.395954,48.438905,56.75,20.25,38.88333333333333
283,59170370,DA,59170370,0.0962,523,267,263,523,-123.396278,48.436582,45.166666666666664,20.616666666666667,38.7
284,59170371,DA,59170371,0.1228,556,224,220,556,-123.391623,48.434098,47.9,20.833333333333332,38.43333333333333
285,59170372,DA,59170372,0.1008,495,222,211,495,-123.391032,48.437075,46.233333333333334,20.433333333333334,36.81666666666667
286,59170373,DA,59170373,0.106,457,202,195,457,-123.387884,48.434769,43.96666666666667,19.433333333333334,37.166666666666664
287,59170375,DA,59170375,0.1065,467,211,201,467,-123.384664,48.434107,39.3,19.1,35.95
288,59170376,DA,59170376,0.1447,608,346,321,608,-123.388411,48.431703,39.0,20.1,38.71666666666667
289,59170378,DA,59170378,0.0752,599,433,424,599,-123.3927,48.43057,38.6,20.683333333333334,42.81666666666667
290,59170379,DA,59170379,0.0781,456,262,238,456,-123.397289,48.430933,40.71666666666667,21.216666666666665,43.38333333333333
291,59170380,DA,59170380,0.3032,800,406,389,800,-123.399934,48.433395,41.21666666666667,20.916666666666668,39.916666666666664
292,59170383,DA,59170383,0.6162,1126,515,486,1126,-123.373728,48.438738,40.2,16.983333333333334,35.016666666666666
293,59170384,DA,59170384,0.1651,586,307,291,586,-123.373044,48.441413,47.86666666666667,15.966666666666667,33.05
294,59170385,DA,59170385,0.2902,447,242,225,447,-123.374109,48.444473,48.3,14.616666666666667,30.533333333333335
295,59170386,DA,59170386,0.1269,727,346,332,727,-123.37908,48.443971,52.016666666666666,16.7,31.116666666666667
296,59170387,DA,59170387,0.0705,463,240,228,463,-123.381654,48.445286,49.25,17.016666666666666,31.45
297,59170388,DA,59170388,0.112,511,217,207,511,-123.383065,48.446636,44.766666666666666,16.833333333333332,32.083333333333336
298,59170389,DA,59170389,0.1622,699,382,365,699,-123.387153,48.445523,44.71666666666667,17.35,33.0
299,59170390,DA,59170390,0.1474,1320,743,731,1320,-123.386032,48.44236,49.8,17.7,34.45
300,59170392,DA,59170392,0.4027,780,399,386,780,-123.37011,48.452216,40.86666666666667,13.05,28.583333333333332
301,59170393,DA,59170393,0.2993,491,299,285,491,-123.373811,48.458314,39.5,13.116666666666667,24.433333333333334
302,59170396,DA,59170396,0.2797,697,276,262,697,-123.385406,48.460813,45.53333333333333,13.933333333333334,28.233333333333334
303,59170397,DA,59170397,0.4741,671,271,258,671,-123.375172,48.46601,40.36666666666667,11.916666666666666,23.766666666666666
304,59170399,DA,59170399,0.3602,601,244,234,601,-123.371747,48.460908,35.5,12.6,28.683333333333334
305,59170402,DA,59170402,0.263,553,253,248,553,-123.404567,48.438868,52.333333333333336,19.316666666666666,41.46666666666667
306,59170403,DA,59170403,0.9107,746,374,355,746,-123.416901,48.441512,61.516666666666666,22.233333333333334,46.2
307,59170404,DA,59170404,0.1081,467,227,212,467,-123.422307,48.438571,56.55,20.35,46.13333333333333
308,59170405,DA,59170405,0.0896,368,186,184,368,-123.426525,48.439129,58.28333333333333,20.516666666666666,46.75
309,59170406,DA,59170406,0.1608,519,233,226,519,-123.400108,48.450273,45.5,17.25,33.45
310,59170407,DA,59170407,0.1845,634,269,259,634,-123.403302,48.452816,48.766666666666666,17.366666666666667,34.3
311,59170408,DA,59170408,0.5393,1401,536,526,1401,-123.412974,48.466727,52.416666666666664,17.1,37.63333333333333
312,59170409,DA,59170409,0.4371,946,396,383,946,-123.417832,48.469586,62.233333333333334,18.316666666666666,38.88333333333333
313,59170410,DA,59170410,0.4219,612,205,201,612,-123.418267,48.475394,58.4,19.7,41.46666666666667
314,59170413,DA,59170413,0.4564,871,389,368,871,-123.425171,48.465686,56.166666666666664,18.683333333333334,38.75
315,59170414,DA,59170414,0.75,1297,565,549,1297,-123.433396,48.463779,46.86666666666667,17.5,41.45
316,59170415,DA,59170415,0.6515,1296,576,547,1296,-123.431465,48.455439,58.63333333333333,20.616666666666667,47.88333333333333
317,59170416,DA,59170416,0.0769,289,122,121,289,-123.427694,48.451423,65.13333333333334,19.866666666666667,42.3
318,59170417,DA,59170417,0.2312,668,365,349,668,-123.438075,48.454132,64.13333333333334,19.15,43.93333333333333
319,59170418,DA,59170418,0.1326,344,135,126,344,-123.440604,48.4582,54.233333333333334,20.916666666666668,48.4
320,59170419,DA,59170419,0.5661,904,330,315,904,-123.445424,48.459372,60.78333333333333,22.05,51.583333333333336
321,59170421,DA,59170421,0.5883,1093,535,513,1093,-123.452514,48.459009,59.96666666666667,22.6,52.88333333333333
322,59170422,DA,59170422,2.3143,689,281,270,689,-123.463738,48.438617,62.8,23.75,56.61666666666667
323,59170423,DA,59170423,0.0848,368,116,115,368,-123.457606,48.43692,72.03333333333333,24.883333333333333,58.95
324,59170424,DA,59170424,0.0935,327,134,131,327,-123.462404,48.437062,65.88333333333334,24.366666666666667,57.35
325,59170425,DA,59170425,2.7978,349,166,153,349,-123.476524,48.435476,63.25,25.766666666666666,59.46666666666667
326,59170426,DA,59170426,1.1864,1245,541,524,1245,-123.474152,48.444722,61.3,23.533333333333335,56.25
327,59170427,DA,59170427,0.5856,1500,623,611,1500,-123.482095,48.448229,80.55,26.383333333333333,55.483333333333334
328,59170428,DA,59170428,0.3203,1022,378,367,1022,-123.489202,48.451639,80.2,27.4,57.5
329,59170429,DA,59170429,0.2245,1060,571,489,1060,-123.496337,48.449899,67.93333333333334,25.3,60.766666666666666
330,59170430,DA,59170430,0.3945,1322,499,484,1322,-123.494367,48.454822,78.45,26.983333333333334,60.25
331,59170431,DA,59170431,0.2767,1853,868,834,1853,-123.501995,48.45262,70.06666666666666,25.366666666666667,63.4
332,59170432,DA,59170432,0.3627,2576,1360,1319,2576,-123.502368,48.447889,69.53333333333333,26.666666666666668,62.483333333333334
333,59170433,DA,59170433,0.1818,460,192,186,460,-123.510335,48.449047,72.63333333333334,28.433333333333334,64.61666666666666
334,59170435,DA,59170435,0.195,708,323,312,708,-123.514135,48.446935,70.93333333333334,26.683333333333334,65.2
335,59170437,DA,59170437,0.799,1324,647,618,1324,-123.511928,48.452233,75.4,27.283333333333335,65.31666666666666
336,59170438,DA,59170438,1.9835,1691,755,707,1691,-123.518488,48.460068,99.35,27.733333333333334,70.6
337,59170439,DA,59170439,0.9278,1804,745,717,1804,-123.504509,48.46038,83.75,25.883333333333333,68.1
338,59170440,DA,59170440,0.5323,1419,647,624,1419,-123.497703,48.46414,78.88333333333334,25.683333333333334,60.71666666666667
339,59170441,DA,59170441,0.1361,355,134,134,355,-123.489473,48.466601,82.4,28.766666666666666,60.78333333333333
340,59170442,DA,59170442,0.3494,928,338,331,928,-123.48964,48.463138,84.56666666666666,28.6,59.61666666666667
341,59170443,DA,59170443,1.452,1109,414,394,1109,-123.493968,48.471957,88.25,29.05,60.233333333333334
342,59170444,DA,59170444,1.4508,2376,931,897,2376,-123.479146,48.454178,83.13333333333334,25.716666666666665,58.05
343,59170451,DA,59170451,0.3543,463,176,171,463,-123.456953,48.565356,85.83333333333333,26.9,68.76666666666667
344,59170452,DA,59170452,0.8581,620,217,215,620,-123.451059,48.569832,88.2,27.9,71.4
345,59170453,DA,59170453,0.197,534,226,219,534,-123.448892,48.573433,89.08333333333333,27.116666666666667,71.76666666666667
346,59170454,DA,59170454,0.2205,516,231,227,516,-123.453028,48.574882,98.7,28.133333333333333,75.26666666666667
347,59170455,DA,59170455,0.2557,737,344,329,737,-123.454291,48.577815,90.11666666666666,27.366666666666667,75.1
348,59170456,DA,59170456,0.2603,676,284,273,676,-123.460817,48.574442,89.86666666666666,29.25,74.38333333333334
349,59170457,DA,59170457,0.1499,392,177,162,392,-123.462892,48.578773,89.46666666666667,28.25,80.1
350,59170458,DA,59170458,2.0887,712,251,237,712,-123.459667,48.583131,104.1,28.5,77.83333333333333
351,59170463,DA,59170463,3.5692,595,235,228,595,-123.434799,48.542239,745.8833333333333,22.816666666666666,57.21666666666667
352,59170464,DA,59170464,4.0285,425,181,172,425,-123.408058,48.544086,80.75,21.783333333333335,51.3
353,59170466,DA,59170466,2.6923,517,208,201,517,-123.424013,48.521136,744.0833333333334,19.633333333333333,47.266666666666666
354,59170468,DA,59170468,0.2938,632,288,283,632,-123.390991,48.499517,38.36666666666667,15.983333333333333,36.65
355,59170469,DA,59170469,2.6478,545,224,218,545,-123.434339,48.510526,143.98333333333332,21.483333333333334,51.083333333333336
356,59170470,DA,59170470,8.408,730,288,273,730,-123.433012,48.489108,61.43333333333333,21.45,48.2
357,59170471,DA,59170471,10.8568,579,228,224,579,-123.453141,48.52026,766.5166666666667,24.766666666666666,58.45
358,59170472,DA,59170472,11.0259,4739,2054,1918,4739,-123.522272,48.470444,98.73333333333333,31.766666666666666,71.28333333333333
359,59170473,DA,59170473,0.0663,0,0,0,0,-123.546457,48.485924,135.71666666666667,30.766666666666666,93.26666666666667
360,59170475,DA,59170475,0.2707,518,234,230,518,-123.556938,48.457002,102.63333333333334,30.3,80.01666666666667
361,59170476,DA,59170476,0.2065,573,205,196,573,-123.549791,48.456976,99.11666666666666,28.883333333333333,78.0
362,59170478,DA,59170478,9.7516,2425,934,888,2425,-123.541746,48.427266,74.3,34.333333333333336,74.91666666666667
363,59170479,DA,59170479,0.5478,412,161,153,412,-123.533218,48.435274,73.11666666666666,32.6,72.93333333333334
364,59170480,DA,59170480,0.3957,1563,605,581,1563,-123.532243,48.428338,76.6,33.0,72.56666666666666
365,59170481,DA,59170481,0.2919,1152,468,458,1152,-123.52206,48.431111,71.55,30.966666666666665,70.16666666666667
366,59170482,DA,59170482,0.7537,2746,1392,1317,2746,-123.51917,48.438771,73.71666666666667,30.333333333333332,67.75
367,59170483,DA,59170483,0.1476,377,155,151,377,-123.517793,48.440375,71.68333333333334,29.833333333333332,67.05
368,59170484,DA,59170484,0.757,1174,492,478,1174,-123.506961,48.434281,73.75,29.55,66.18333333333334
369,59170485,DA,59170485,0.5399,725,279,271,725,-123.511089,48.429339,74.33333333333333,29.95,71.06666666666666
370,59170488,DA,59170488,0.2688,763,290,286,763,-123.492265,48.430805,68.5,27.316666666666666,62.38333333333333
371,59170489,DA,59170489,0.356,947,399,386,947,-123.490334,48.435173,58.5,25.483333333333334,59.36666666666667
372,59170490,DA,59170490,0.2059,506,213,209,506,-123.497388,48.435378,64.38333333333334,27.666666666666668,64.18333333333334
373,59170491,DA,59170491,0.556,985,397,385,985,-123.490296,48.439235,65.68333333333334,26.9,61.266666666666666
374,59170492,DA,59170492,0.201,501,179,177,501,-123.497587,48.441429,67.48333333333333,28.6,63.18333333333333
375,59170493,DA,59170493,0.7545,1253,581,551,1253,-123.497831,48.445126,67.7,26.516666666666666,61.56666666666667
376,59170494,DA,59170494,0.1327,355,128,127,355,-123.490678,48.422921,74.41666666666667,28.633333333333333,64.56666666666666
377,59170495,DA,59170495,0.2194,502,200,196,502,-123.488079,48.420572,76.28333333333333,28.283333333333335,65.41666666666667
378,59170498,DA,59170498,0.1554,427,168,162,427,-123.49856,48.41955,74.95,29.333333333333332,66.21666666666667
379,59170501,DA,59170501,2.4549,3643,1350,1295,3643,-123.524985,48.42238,82.96666666666667,34.88333333333333,76.76666666666667
380,59170502,DA,59170502,1.6305,1667,658,620,1667,-123.521352,48.410455,88.46666666666667,33.78333333333333,81.33333333333333
381,59170507,DA,59170507,0.6077,731,340,330,731,-123.475149,48.420873,95.81666666666666,30.9,74.21666666666667
382,59170544,DA,59170544,2.8179,266,90,86,266,-123.457654,48.623058,809.0666666666667,30.916666666666668,90.8
383,59170545,DA,59170545,5.9755,998,481,464,998,-123.432526,48.665732,94.95,32.06666666666667,93.23333333333333
384,59170546,DA,59170546,0.4896,783,387,376,783,-123.412489,48.65868,78.63333333333334,32.43333333333333,89.31666666666666
385,59170547,DA,59170547,0.2894,109,48,40,109,-123.449008,48.664623,119.55,34.9,94.96666666666667
386,59170548,DA,59170548,1.2387,652,338,307,652,-123.475405,48.68019,114.31666666666666,36.766666666666666,103.35
387,59170549,DA,59170549,1.939,834,343,335,834,-123.472042,48.675266,109.33333333333333,35.166666666666664,98.56666666666666
388,59170550,DA,59170550,2.1991,527,222,210,527,-123.466187,48.685868,112.41666666666667,35.65,103.7
389,59170551,DA,59170551,1.7283,516,208,199,516,-123.44872,48.683304,105.18333333333334,34.583333333333336,102.36666666666666
390,59170552,DA,59170552,1.4511,650,294,278,650,-123.447104,48.694443,112.05,36.68333333333333,107.76666666666667
391,59170553,DA,59170553,1.0874,425,163,159,425,-123.437454,48.690383,110.65,36.1,106.66666666666667
392,59170554,DA,59170554,0.0849,538,377,363,538,-123.371283,48.409981,44.13333333333333,21.266666666666666,37.583333333333336
393,59170555,DA,59170555,0.0571,601,278,270,601,-123.369966,48.411543,40.7,20.416666666666668,35.36666666666667
394,59170556,DA,59170556,0.1415,464,270,253,464,-123.341786,48.422755,28.433333333333334,13.733333333333333,22.4
395,59170557,DA,59170557,0.0869,461,232,221,461,-123.339708,48.423854,31.416666666666668,13.883333333333333,22.333333333333332
396,59170558,DA,59170558,0.1767,656,350,341,656,-123.336408,48.423691,28.016666666666666,14.35,21.916666666666668
397,59170559,DA,59170559,1.8494,612,228,213,612,-123.340214,48.488572,31.2,8.233333333333333,18.266666666666666
398,59170560,DA,59170560,0.134,450,176,163,450,-123.33525,48.485218,25.166666666666668,8.6,14.016666666666667
399,59170561,DA,59170561,0.1417,480,181,176,480,-123.333672,48.487485,29.616666666666667,9.45,14.85
400,59170562,DA,59170562,0.1323,468,179,170,468,-123.329986,48.484078,25.366666666666667,9.3,12.933333333333334
401,59170563,DA,59170563,0.1487,593,215,207,593,-123.32849,48.487269,30.533333333333335,8.816666666666666,14.05
402,59170564,DA,59170564,0.2178,600,236,229,600,-123.325913,48.489379,32.56666666666667,8.05,14.983333333333333
403,59170565,DA,59170565,0.179,543,206,201,543,-123.332378,48.490559,33.61666666666667,8.866666666666667,16.05
404,59170566,DA,59170566,0.5237,574,226,221,574,-123.32099,48.49342,34.833333333333336,7.683333333333334,15.716666666666667
405,59170567,DA,59170567,0.3802,860,319,294,860,-123.332018,48.479679,26.916666666666668,7.7,11.35
406,59170568,DA,59170568,0.2471,489,182,171,489,-123.325212,48.479156,24.6,6.75,11.716666666666667
407,59170569,DA,59170569,0.1996,588,229,215,588,-123.33683,48.478889,25.683333333333334,7.483333333333333,12.25
408,59170570,DA,59170570,0.2485,433,174,167,433,-123.341716,48.479173,26.733333333333334,7.716666666666667,13.866666666666667
409,59170571,DA,59170571,0.161,517,184,175,517,-123.340488,48.483567,25.5,9.55,15.983333333333333
410,59170574,DA,59170574,0.2152,490,207,201,490,-123.362458,48.474293,28.466666666666665,9.35,18.966666666666665
411,59170575,DA,59170575,0.4236,812,332,315,812,-123.354767,48.469451,27.066666666666666,7.633333333333334,16.016666666666666
412,59170576,DA,59170576,0.2628,710,315,299,710,-123.355777,48.465692,32.56666666666667,9.0,17.366666666666667
413,59170577,DA,59170577,0.1446,443,197,191,443,-123.354399,48.463244,36.7,9.1,18.416666666666668
414,59170578,DA,59170578,0.2441,562,241,235,562,-123.355228,48.461001,44.833333333333336,11.1,20.166666666666668
415,59170579,DA,59170579,0.2488,619,255,245,619,-123.347286,48.463458,30.05,8.316666666666666,13.666666666666666
416,59170581,DA,59170581,0.269,788,355,339,788,-123.340561,48.460655,32.3,7.6,13.566666666666666
417,59170582,DA,59170582,0.1525,805,395,375,805,-123.336603,48.460556,24.883333333333333,6.833333333333333,10.833333333333334
418,59170583,DA,59170583,0.1656,692,338,315,692,-123.334671,48.464702,22.166666666666668,5.4,9.416666666666666
419,59170584,DA,59170584,0.4257,894,404,377,894,-123.340877,48.466601,22.25,7.983333333333333,11.05
420,59170585,DA,59170585,0.2126,540,299,279,540,-123.340903,48.469812,19.533333333333335,6.0,11.25
421,59170586,DA,59170586,0.2497,550,220,214,550,-123.347357,48.468743,23.333333333333332,6.9,12.583333333333334
422,59170587,DA,59170587,0.1835,542,335,322,542,-123.33831,48.471947,23.433333333333334,6.433333333333334,11.45
423,59170588,DA,59170588,0.2505,589,258,250,589,-123.354707,48.456469,42.78333333333333,12.233333333333333,21.916666666666668
424,59170589,DA,59170589,0.3127,896,430,421,896,-123.354556,48.451973,44.93333333333333,10.9,20.616666666666667
425,59170590,DA,59170590,0.2938,432,174,166,432,-123.317645,48.451776,17.916666666666668,6.65,7.933333333333334
426,59170591,DA,59170591,0.2293,587,241,225,587,-123.322723,48.464595,20.066666666666666,3.9,5.283333333333333
427,59170592,DA,59170592,0.2158,416,163,159,416,-123.317364,48.455633,16.0,5.5,6.133333333333334
428,59170593,DA,59170593,1.7205,589,250,241,589,-123.311391,48.451895,19.8,6.816666666666666,7.983333333333333
429,59170594,DA,59170594,0.3747,441,170,165,441,-123.308069,48.445718,34.8,6.216666666666667,10.95
430,59170595,DA,59170595,0.5699,461,181,175,461,-123.300695,48.448224,31.716666666666665,5.783333333333333,11.616666666666667
431,59170596,DA,59170596,0.4151,561,242,233,561,-123.324938,48.450554,21.1,7.15,12.033333333333333
432,59170597,DA,59170597,0.203,600,262,250,600,-123.329995,48.448421,24.016666666666666,8.266666666666667,14.316666666666666
433,59170598,DA,59170598,0.1486,639,282,269,639,-123.331847,48.435319,26.983333333333334,10.966666666666667,18.266666666666666
434,59170599,DA,59170599,0.2283,554,263,257,554,-123.325573,48.43594,22.616666666666667,9.666666666666666,16.4
435,59170600,DA,59170600,0.2327,557,292,280,557,-123.329914,48.432401,25.75,11.9,20.216666666666665
436,59170601,DA,59170601,0.1312,592,253,245,592,-123.33537,48.43231,27.816666666666666,12.3,21.2
437,59170602,DA,59170602,0.1066,516,317,310,516,-123.399107,48.655821,73.85,30.883333333333333,84.16666666666667
438,59170603,DA,59170603,0.2686,486,261,248,486,-123.396637,48.65789,77.21666666666667,32.53333333333333,85.58333333333333
439,59170604,DA,59170604,0.3419,645,382,346,645,-123.405593,48.665077,75.36666666666666,32.583333333333336,88.55
440,59170610,DA,59170610,0.0912,1275,854,803,1275,-123.375472,48.416932,44.9,21.95,37.18333333333333
441,59170611,DA,59170611,0.1423,1122,614,552,1122,-123.360871,48.418904,38.38333333333333,17.366666666666667,30.983333333333334
442,59170612,DA,59170612,0.1353,1279,785,761,1279,-123.337161,48.427799,25.416666666666668,13.016666666666667,22.483333333333334
443,59170613,DA,59170613,0.3514,959,390,375,959,-123.318621,48.430868,25.483333333333334,9.666666666666666,18.6
444,59170614,DA,59170614,1.2386,1244,611,583,1244,-123.420161,48.426259,49.4,24.116666666666667,50.86666666666667
445,59170615,DA,59170615,3.0279,4009,1746,1668,4009,-123.533953,48.447522,91.88333333333334,29.05,70.46666666666667
446,59170617,DA,59170617,0.2716,621,142,139,621,-123.379689,48.496534,36.766666666666666,14.283333333333333,30.683333333333334
447,59170619,DA,59170619,0.2004,352,144,142,352,-123.408422,48.642542,69.3,30.133333333333333,82.56666666666666
448,59170620,DA,59170620,0.2753,475,282,273,475,-123.415368,48.637139,64.15,28.65,77.96666666666667
449,59170621,DA,59170621,0.1052,314,125,122,314,-123.414282,48.639144,66.36666666666666,29.35,79.45
450,59170622,DA,59170622,0.3588,472,203,195,472,-123.495565,48.427997,70.78333333333333,27.033333333333335,63.46666666666667
451,59170624,DA,59170624,8.4442,2436,1110,1013,2436,-123.467719,48.459555,60.03333333333333,22.166666666666668,51.333333333333336
452,59170625,DA,59170625,1.6522,535,216,205,535,-123.459348,48.479476,100.58333333333333,26.083333333333332,57.28333333333333
453,59170626,DA,59170626,0.3146,1097,431,419,1097,-123.444834,48.46601,62.6,20.666666666666668,45.28333333333333
454,59170648,DA,59170648,129.4902,653,321,291,653,-123.479217,48.559874,???,29.416666666666668,76.4
455,59170649,DA,59170649,16.5343,1109,400,389,1109,-123.514317,48.535055,???,34.35,84.0
456,59170650,DA,59170650,11.4984,918,334,330,918,-123.521982,48.486444,140.51666666666668,32.93333333333333,75.9
457,59170651,DA,59170651,9.9779,455,193,187,455,-123.47966,48.52226,???,38.13333333333333,82.96666666666667
458,59170652,DA,59170652,9.1821,523,217,207,523,-123.661796,48.403969,105.41666666666667,50.1,131.51666666666668
459,59170653,DA,59170653,3.917,449,200,183,449,-123.634145,48.39041,92.23333333333333,42.2,115.18333333333334
460,59170654,DA,59170654,0.706,677,409,381,677,-123.688292,48.382596,98.76666666666667,47.15,136.3
461,59170655,DA,59170655,0.2472,115,42,40,115,-123.696779,48.385751,95.56666666666666,47.45,136.91666666666666
462,59170656,DA,59170656,12.3324,857,421,403,857,-123.692552,48.406952,???,49.61666666666667,141.01666666666668
463,59170659,DA,59170659,0.5566,726,320,309,726,-123.724835,48.383098,105.58333333333333,51.11666666666667,145.53333333333333
464,59170660,DA,59170660,0.264,502,200,196,502,-123.728581,48.387117,105.35,52.1,148.46666666666667
465,59170661,DA,59170661,0.2066,447,170,162,447,-123.735785,48.38355,98.46666666666667,51.93333333333333,148.46666666666667
466,59170662,DA,59170662,0.3695,739,288,279,739,-123.733769,48.379212,100.45,52.4,148.61666666666667
467,59170663,DA,59170663,0.6694,1031,417,404,1031,-123.73069,48.374971,104.3,51.63333333333333,146.3
468,59170665,DA,59170665,0.4042,411,172,166,411,-123.739857,48.360733,113.75,53.266666666666666,152.6
469,59170666,DA,59170666,0.4999,115,55,51,115,-123.747788,48.362415,117.85,53.78333333333333,152.36666666666667
470,59170670,DA,59170670,5.374,711,370,326,711,-123.805492,48.368325,994.1166666666667,60.666666666666664,182.0
471,59170671,DA,59170671,28.7007,796,429,357,796,-123.900161,48.387302,???,67.76666666666667,203.95
472,59170678,DA,59170678,3.7309,898,387,366,898,-123.497724,48.391085,87.16666666666667,33.38333333333333,81.38333333333334
473,59170679,DA,59170679,4.2928,592,229,220,592,-123.525738,48.392994,95.85,35.86666666666667,97.7
474,59170680,DA,59170680,2.7887,476,187,178,476,-123.534537,48.3825,98.75,36.666666666666664,92.66666666666667
475,59170681,DA,59170681,1.8045,433,179,172,433,-123.553142,48.373393,114.83333333333333,39.53333333333333,95.88333333333334
476,59170682,DA,59170682,7.2478,684,284,276,684,-123.570864,48.376527,138.41666666666666,42.583333333333336,102.66666666666667
477,59170683,DA,59170683,41.7093,986,395,382,986,-123.582491,48.386503,98.78333333333333,39.1,97.23333333333333
478,59170684,DA,59170684,7.9938,998,277,262,998,-123.554881,48.353352,120.43333333333334,41.18333333333333,101.88333333333334
479,59170685,DA,59170685,2.6356,221,88,80,221,-123.593583,48.34193,871.5833333333334,46.083333333333336,122.8
480,59170688,DA,59170688,2.4874,0,0,0,0,-123.265145,48.451086,51.95,8.25,20.733333333333334
481,59170689,DA,59170689,6.6478,935,435,388,935,-123.684635,48.36329,140.31666666666666,52.583333333333336,156.93333333333334
482,59170690,DA,59170690,23.9204,882,405,376,882,-123.635977,48.351099,136.83333333333334,48.43333333333333,136.88333333333333
483,59170691,DA,59170691,5.976,117,49,38,117,-123.617531,48.374285,???,45.86666666666667,120.15
484,59170692,DA,59170692,0.571,0,0,0,0,-123.606487,48.366319,???,44.71666666666667,118.7
485,59170694,DA,59170694,24.2181,1155,499,464,1155,-123.781986,48.392196,952.0333333333333,55.88333333333333,162.23333333333332
486,59170699,DA,59170699,0.3864,887,349,331,887,-123.378284,48.47682,40.78333333333333,10.933333333333334,22.333333333333332
487,59170700,DA,59170700,0.2095,536,231,228,536,-123.379395,48.471067,40.78333333333333,12.733333333333333,24.166666666666668
488,59170701,DA,59170701,0.2902,547,257,247,547,-123.374792,48.472087,35.46666666666667,11.166666666666666,22.916666666666668
489,59170705,DA,59170705,3.6508,962,450,425,962,-123.743614,48.370518,105.81666666666666,53.8,153.18333333333334
490,59170707,DA,59170707,2.2226,398,313,163,398,-123.403353,48.603134,71.06666666666666,24.6,65.4
491,59170708,DA,59170708,0.4824,900,546,502,900,-123.392808,48.598359,68.26666666666667,25.383333333333333,63.55
492,59170709,DA,59170709,1.328,584,248,167,584,-123.410384,48.588423,84.48333333333333,24.666666666666668,62.983333333333334
493,59170710,DA,59170710,8.589,604,273,259,604,-123.382926,48.566823,93.86666666666666,23.316666666666666,57.016666666666666
494,59170711,DA,59170711,1.498,1389,535,523,1389,-123.407304,48.571353,87.23333333333333,23.216666666666665,61.46666666666667
495,59170712,DA,59170712,2.5273,283,109,108,283,-123.429226,48.571577,90.83333333333333,26.016666666666666,67.08333333333333
496,59170713,DA,59170713,0.8126,956,482,464,956,-123.444013,48.577134,96.65,27.416666666666668,75.21666666666667
497,59170715,DA,59170715,3.8125,551,218,208,551,-123.422159,48.558002,93.88333333333334,24.483333333333334,60.3
498,59170716,DA,59170716,0.1818,403,150,145,403,-123.400185,48.555768,75.31666666666666,20.383333333333333,51.016666666666666
499,59170718,DA,59170718,7.3421,377,140,135,377,-123.451102,48.635702,118.4,31.05,92.46666666666667
500,59170719,DA,59170719,1.3582,422,205,183,422,-123.471273,48.631422,782.2166666666667,34.6,90.81666666666666
501,59170720,DA,59170720,1.3587,601,255,249,601,-123.46577,48.638304,771.8166666666667,32.35,93.88333333333334
502,59170721,DA,59170721,1.6914,636,261,256,636,-123.438194,48.614461,105.46666666666667,30.233333333333334,78.6
503,59170722,DA,59170722,0.1344,1086,675,651,1086,-123.379103,48.431312,37.15,18.566666666666666,37.5
504,59170723,DA,59170723,0.1519,477,315,296,477,-123.376997,48.430126,34.71666666666667,18.816666666666666,36.7
505,59170725,DA,59170725,1.0922,988,460,431,988,-123.465633,48.56795,92.18333333333334,28.216666666666665,69.51666666666667
506,59170726,DA,59170726,1.5274,293,107,105,293,-123.448388,48.560998,88.23333333333333,26.533333333333335,67.28333333333333
507,59170728,DA,59170728,5.846,509,237,215,509,-123.450561,48.60576,788.1166666666667,29.7,77.81666666666666
508,59170729,DA,59170729,2.3405,353,139,134,353,-123.433168,48.601029,95.43333333333334,26.533333333333335,70.23333333333333
509,59170730,DA,59170730,4.35,1085,416,405,1085,-123.426447,48.583821,97.95,25.25,65.93333333333334
510,59170731,DA,59170731,0.6363,484,193,188,484,-123.426031,48.59309,88.51666666666667,25.533333333333335,64.38333333333334
511,59170732,DA,59170732,0.0974,261,100,98,261,-123.422254,48.600023,87.81666666666666,27.083333333333332,67.86666666666666
512,59170733,DA,59170733,0.3685,822,412,406,822,-123.417805,48.597345,80.6,25.866666666666667,66.96666666666667
513,59170734,DA,59170734,0.2033,454,197,192,454,-123.419707,48.591455,82.88333333333334,24.633333333333333,62.6
514,59170735,DA,59170735,0.5927,681,280,243,681,-123.303884,48.466998,???,2.9166666666666665,3.7666666666666666
515,59170736,DA,59170736,0.2163,301,130,122,301,-123.301777,48.460059,???,4.6,7.35
516,59170738,DA,59170738,0.7603,829,351,346,829,-123.342872,48.458692,31.1,9.083333333333334,15.183333333333334
517,59170739,DA,59170739,0.2939,672,273,255,672,-123.34027,48.452346,36.3,7.833333333333333,14.95
518,59170741,DA,59170741,0.134,579,227,211,579,-123.384398,48.455417,43.583333333333336,16.7,28.4
519,59170742,DA,59170742,0.2616,1364,566,546,1364,-123.381792,48.459081,45.93333333333333,14.316666666666666,26.983333333333334
520,59170743,DA,59170743,0.4274,483,238,227,483,-123.378894,48.452425,37.63333333333333,14.666666666666666,27.766666666666666
521,59170744,DA,59170744,0.0883,507,256,248,507,-123.380594,48.449605,40.983333333333334,17.15,29.916666666666668
522,59170746,DA,59170746,0.1336,393,139,135,393,-123.417118,48.45427,56.166666666666664,16.716666666666665,37.63333333333333
523,59170747,DA,59170747,0.3945,545,243,230,545,-123.411721,48.458594,48.55,16.266666666666666,36.36666666666667
524,59170748,DA,59170748,0.4647,666,270,265,666,-123.407647,48.46382,45.5,15.316666666666666,35.333333333333336
525,59170749,DA,59170749,0.3511,441,164,160,441,-123.399254,48.461167,42.8,14.766666666666667,33.166666666666664
526,59170750,DA,59170750,0.5698,441,191,186,441,-123.394861,48.456239,46.8,16.733333333333334,33.1
527,59170751,DA,59170751,0.2271,396,155,149,396,-123.390376,48.461219,45.05,14.133333333333333,29.666666666666668
528,59170753,DA,59170753,1.8671,334,129,125,334,-123.429048,48.476714,69.76666666666667,19.033333333333335,45.61666666666667
529,59170754,DA,59170754,1.6762,354,136,132,354,-123.417884,48.485722,49.68333333333333,19.6,43.65
530,59170755,DA,59170755,0.2653,693,260,253,693,-123.413541,48.47879,52.95,17.85,39.93333333333333
531,59170756,DA,59170756,0.3318,771,213,208,771,-123.408778,48.48479,61.266666666666666,16.683333333333334,43.483333333333334
532,59170758,DA,59170758,5.0466,657,267,258,657,-123.388408,48.520905,60.21666666666667,16.7,41.11666666666667
533,59170759,DA,59170759,0.8557,1141,496,482,1141,-123.389734,48.50506,47.71666666666667,16.616666666666667,36.88333333333333
534,59170760,DA,59170760,0.4201,594,216,209,594,-123.376204,48.510886,55.0,15.983333333333333,32.583333333333336
535,59170761,DA,59170761,0.4945,834,329,318,834,-123.369467,48.511313,50.88333333333333,14.916666666666666,31.483333333333334
536,59170762,DA,59170762,1.1705,949,435,428,949,-123.378172,48.505897,52.06666666666667,16.516666666666666,35.71666666666667
537,59170763,DA,59170763,0.2675,393,148,143,393,-123.370628,48.499704,36.61666666666667,13.516666666666667,28.95
538,59170764,DA,59170764,0.195,272,123,121,272,-123.367175,48.503145,38.416666666666664,13.266666666666667,28.183333333333334
539,59170765,DA,59170765,0.1653,253,94,92,253,-123.363939,48.510425,45.88333333333333,13.716666666666667,31.733333333333334
540,59170766,DA,59170766,0.1693,351,166,163,351,-123.363235,48.503935,36.35,12.45,28.733333333333334
541,59170768,DA,59170768,0.2091,500,199,193,500,-123.377646,48.483568,42.233333333333334,11.6,24.516666666666666
542,59170769,DA,59170769,0.2143,388,188,182,388,-123.375538,48.486739,49.88333333333333,13.7,25.316666666666666
543,59170770,DA,59170770,0.1143,322,130,127,322,-123.371917,48.483933,47.1,12.783333333333333,23.65
544,59170771,DA,59170771,0.3093,471,191,186,471,-123.369955,48.490133,47.38333333333333,14.2,31.833333333333332
545,59170772,DA,59170772,0.4206,588,233,232,588,-123.365884,48.497114,37.03333333333333,13.616666666666667,28.616666666666667
546,59170773,DA,59170773,2.056,799,280,268,799,-123.358615,48.493553,43.6,10.0,23.466666666666665
547,59170774,DA,59170774,0.2535,541,201,195,541,-123.371768,48.480312,42.9,11.266666666666667,21.833333333333332
548,59170776,DA,59170776,0.3115,771,307,293,771,-123.341949,48.475685,26.666666666666668,7.933333333333334,13.166666666666666
549,59170777,DA,59170777,0.1468,385,150,147,385,-123.361592,48.477267,35.666666666666664,10.95,18.733333333333334
550,59170778,DA,59170778,2.1657,446,178,167,446,-123.353765,48.476894,28.45,7.466666666666667,16.633333333333333
551,59170781,DA,59170781,0.0939,312,168,160,312,-123.423216,48.448088,68.95,20.666666666666668,46.56666666666667
552,59170783,DA,59170783,0.0528,225,126,119,225,-123.417716,48.446287,67.7,19.8,46.1
553,59170784,DA,59170784,0.0442,249,148,137,249,-123.414809,48.446957,60.56666666666667,20.083333333333332,43.416666666666664
554,59170785,DA,59170785,0.2821,412,213,206,412,-123.423414,48.444586,67.53333333333333,19.966666666666665,42.15
555,59170786,DA,59170786,0.1346,5,8,1,5,-123.43281,48.440903,66.76666666666667,20.916666666666668,45.266666666666666
556,59170787,DA,59170787,2.667,999,477,437,999,-123.72806,48.357926,122.71666666666667,53.9,154.25
557,59170789,DA,59170789,0.7739,1031,465,437,1031,-123.715024,48.381254,96.83333333333333,49.233333333333334,141.46666666666667
558,59170790,DA,59170790,4.3681,2092,840,801,2092,-123.750756,48.383061,118.35,55.06666666666667,154.9
559,59170792,DA,59170792,10.5525,3523,1336,1301,3523,-123.721387,48.3927,117.25,50.75,145.2
560,59170793,DA,59170793,0.5112,546,206,204,546,-123.497903,48.423547,76.91666666666667,29.45,66.66666666666667
561,59170795,DA,59170795,0.7963,1318,512,487,1318,-123.510114,48.420266,83.01666666666667,29.616666666666667,69.71666666666667
562,59170796,DA,59170796,0.3987,620,266,260,620,-123.508801,48.412734,79.95,31.183333333333334,74.06666666666666
563,59170797,DA,59170797,0.8479,1082,413,393,1082,-123.500035,48.413169,79.1,31.016666666666666,69.7
564,59170798,DA,59170798,1.6706,833,402,371,833,-123.505112,48.403653,81.3,32.85,75.75
565,59170801,DA,59170801,0.3572,802,296,286,802,-123.484067,48.417745,82.93333333333334,28.85,65.88333333333334
566,59170802,DA,59170802,0.1392,354,130,126,354,-123.492381,48.418155,74.9,29.683333333333334,66.53333333333333
567,59170804,DA,59170804,2.1037,2340,937,906,2340,-123.490609,48.410844,87.56666666666666,32.15,74.23333333333333
568,59170805,DA,59170805,0.3165,884,785,550,884,-123.368882,48.430601,38.5,16.766666666666666,35.3
569,59170806,DA,59170806,0.0513,375,232,224,375,-123.359831,48.432982,38.083333333333336,14.016666666666667,28.233333333333334
570,59170807,DA,59170807,0.1144,1355,1001,889,1355,-123.36361,48.430257,35.18333333333333,16.45,30.466666666666665
571,59170808,DA,59170808,0.0992,277,188,182,277,-123.358004,48.430565,41.25,14.016666666666667,26.75
572,59170809,DA,59170809,0.1293,787,486,384,787,-123.36349,48.427443,36.833333333333336,17.0,29.983333333333334
573,59170810,DA,59170810,0.0383,253,203,191,253,-123.36021,48.428742,35.3,16.466666666666665,31.266666666666666
574,59170811,DA,59170811,0.3134,666,504,430,666,-123.366777,48.425964,31.983333333333334,18.816666666666666,31.783333333333335
575,59170814,DA,59170814,0.1897,1503,1192,928,1503,-123.363831,48.421317,39.68333333333333,17.75,32.016666666666666
576,59170815,DA,59170815,0.0802,1274,1023,884,1274,-123.360774,48.425424,29.933333333333334,16.516666666666666,29.4
577,59170816,DA,59170816,0.2085,568,233,224,568,-123.390483,48.439048,54.75,20.283333333333335,35.53333333333333
578,59170817,DA,59170817,0.1179,644,403,383,644,-123.381155,48.4359,52.38333333333333,19.05,34.083333333333336
579,59170819,DA,59170819,0.2537,1788,1214,1075,1788,-123.379431,48.427814,37.3,21.233333333333334,40.266666666666666
580,59170820,DA,59170820,0.0913,621,378,361,621,-123.388462,48.429685,37.55,20.366666666666667,41.71666666666667
